Producto,Lote_Cantidad,Estado_Produccion,Fecha_Fin
Prod_19,136,FALLO,2026-06-05
Prod_48,454,Pendiente,
Prod_44,441,Error,2026-06-05
Prod_13,53,Pendiente,
Prod_12,186,Pendiente,2026-06-01
Prod_3,115,Error,
Prod_13,61,FALLO,2026-06-01
Prod_20,26,Pendiente,2026-06-01
Prod_3,452,Error,2026-06-05
Prod_35,454,Error,
Prod_10,456,Pendiente,
Prod_12,305,FALLO,2026-06-01
Prod_20,139,ok,
Prod_9,154,FALLO,
Prod_49,430,Ok,
Prod_46,283,Ok,
Prod_6,324,ok,
Prod_2,491,Terminado,
Prod_17,315,Error,
Prod_25,63,FALLO,2026-06-05
Prod_23,69,ok,2026-06-05
Prod_40,37,FALLO,
Prod_14,409,Pendiente,2026-06-05
Prod_25,492,Terminado,2026-06-01
Prod_14,79,Terminado,2026-06-01
Prod_28,67,Error,2026-06-01
Prod_30,88,Terminado,2026-06-05
Prod_43,232,Error,2026-06-01
Prod_16,119,Error,2026-06-01
Prod_49,442,Terminado,2026-06-01
Prod_7,180,Terminado,
Prod_10,97,FALLO,
Prod_38,90,FALLO,2026-06-05
Prod_48,500,Terminado,2026-06-05
Prod_24,38,ok,2026-06-05
Prod_21,329,ok,
Prod_33,271,ok,2026-06-01
Prod_36,149,Pendiente,2026-06-01
Prod_19,456,Terminado,2026-06-05
Prod_46,194,Error,2026-06-05
Prod_27,404,ok,2026-06-01
Prod_38,28,Error,2026-06-01
Prod_19,436,FALLO,2026-06-01
Prod_24,96,Ok,2026-06-01
Prod_13,342,Ok,2026-06-01
Prod_2,155,Terminado,
Prod_36,304,Error,2026-06-05
Prod_35,430,Ok,
Prod_6,75,Ok,
Prod_15,225,ok,2026-06-05
Prod_22,122,ok,2026-06-05
Prod_39,221,Error,2026-06-05
Prod_9,448,Ok,2026-06-01
Prod_33,209,Pendiente,2026-06-01
Prod_30,291,Error,2026-06-05
Prod_28,474,Error,2026-06-05
Prod_8,314,Terminado,2026-06-05
Prod_12,127,FALLO,2026-06-05
Prod_9,384,Error,
Prod_33,219,Terminado,2026-06-05
Prod_39,121,Pendiente,2026-06-01
Prod_36,335,Error,
Prod_10,197,ok,2026-06-01
Prod_43,236,Ok,2026-06-01
Prod_4,389,FALLO,2026-06-01
Prod_38,36,Error,2026-06-01
Prod_45,455,Error,2026-06-01
Prod_13,114,Terminado,2026-06-01
Prod_21,220,FALLO,2026-06-05
Prod_46,422,Terminado,2026-06-01
Prod_44,108,Ok,2026-06-01
Prod_46,117,Ok,
Prod_33,421,Terminado,2026-06-01
Prod_35,273,Error,
Prod_38,172,ok,
Prod_6,383,Pendiente,2026-06-01
Prod_29,483,FALLO,
Prod_7,42,ok,
Prod_45,332,Pendiente,2026-06-05
Prod_14,430,Terminado,2026-06-05
Prod_43,20,Error,
Prod_1,93,Error,2026-06-01
Prod_6,381,Terminado,
Prod_45,233,Error,
Prod_22,314,Terminado,
Prod_30,187,Error,
Prod_35,272,Ok,
Prod_15,211,FALLO,
Prod_29,206,ok,2026-06-01
Prod_26,70,ok,
Prod_7,351,Error,
Prod_43,106,FALLO,
Prod_43,340,Ok,2026-06-05
Prod_39,404,ok,
Prod_33,364,ok,2026-06-05
Prod_27,18,FALLO,2026-06-01
Prod_4,84,Terminado,2026-06-05
Prod_7,145,Pendiente,2026-06-01
Prod_7,100,FALLO,2026-06-05
Prod_3,293,ok,2026-06-01
Prod_35,196,Terminado,2026-06-01
Prod_14,259,Pendiente,2026-06-05
Prod_14,473,Terminado,2026-06-05
Prod_4,500,FALLO,2026-06-01
Prod_39,216,Error,2026-06-05
Prod_3,394,Error,
Prod_14,426,Ok,
Prod_3,290,Pendiente,
Prod_5,340,ok,2026-06-01
Prod_5,12,ok,2026-06-01
Prod_23,439,Error,2026-06-05
Prod_23,51,FALLO,2026-06-05
Prod_40,323,Error,2026-06-01
Prod_41,427,Terminado,
Prod_45,421,ok,2026-06-05
Prod_47,245,Error,
Prod_33,361,Error,2026-06-05
Prod_24,279,ok,
Prod_24,311,ok,2026-06-05
Prod_44,364,ok,2026-06-05
Prod_19,452,Pendiente,2026-06-01
Prod_29,115,Terminado,
Prod_42,23,Error,
Prod_26,212,FALLO,
Prod_16,43,Error,
Prod_42,234,ok,
Prod_30,152,Error,
Prod_31,440,FALLO,2026-06-01
Prod_20,467,Terminado,2026-06-01
Prod_37,145,FALLO,2026-06-01
Prod_22,279,Ok,2026-06-01
Prod_24,457,ok,
Prod_22,259,Ok,
Prod_33,132,Error,2026-06-01
Prod_17,314,FALLO,2026-06-01
Prod_26,491,Pendiente,
Prod_28,184,Pendiente,2026-06-05
Prod_49,118,ok,
Prod_6,367,ok,
Prod_34,210,Pendiente,2026-06-05
Prod_9,243,Terminado,2026-06-01
Prod_15,301,Ok,
Prod_12,124,Ok,2026-06-01
Prod_14,485,Pendiente,2026-06-01
Prod_16,140,Error,
Prod_46,418,FALLO,2026-06-05
Prod_33,169,Ok,2026-06-05
Prod_48,135,Error,2026-06-05
Prod_5,327,Pendiente,
Prod_28,201,Terminado,2026-06-05
Prod_20,407,Ok,2026-06-05
Prod_50,371,Error,
Prod_31,318,Pendiente,2026-06-05
Prod_28,426,FALLO,2026-06-01
Prod_36,176,Terminado,
Prod_36,286,Terminado,2026-06-01
Prod_25,104,ok,
Prod_28,347,ok,
Prod_50,290,Pendiente,2026-06-05
Prod_36,493,Ok,2026-06-01
Prod_24,272,Error,2026-06-05
Prod_50,214,Error,
Prod_44,169,FALLO,2026-06-05
Prod_20,462,Pendiente,2026-06-01
Prod_27,85,Terminado,
Prod_45,407,Pendiente,2026-06-01
Prod_43,177,FALLO,2026-06-05
Prod_46,202,Pendiente,2026-06-05
Prod_3,232,FALLO,
Prod_10,426,Pendiente,2026-06-05
Prod_8,421,Error,2026-06-01
Prod_34,416,Pendiente,2026-06-01
Prod_16,13,FALLO,2026-06-01
Prod_16,476,FALLO,
Prod_9,327,Terminado,2026-06-05
Prod_15,342,Pendiente,2026-06-05
Prod_46,68,Error,2026-06-01
Prod_44,459,Pendiente,2026-06-05
Prod_9,332,ok,
Prod_50,261,FALLO,
Prod_5,463,ok,
Prod_32,29,Pendiente,2026-06-01
Prod_43,105,Ok,
Prod_4,427,Ok,2026-06-01
Prod_34,389,FALLO,2026-06-05
Prod_3,231,Ok,2026-06-05
Prod_50,323,Terminado,2026-06-05
Prod_9,477,Pendiente,
Prod_25,347,FALLO,2026-06-01
Prod_33,138,Terminado,2026-06-01
Prod_5,388,Error,2026-06-05
Prod_11,200,Ok,
Prod_6,480,Pendiente,
Prod_27,69,Error,2026-06-01
Prod_13,443,Error,
Prod_43,132,Pendiente,
Prod_20,123,Error,2026-06-01
Prod_25,133,Ok,2026-06-01
Prod_44,344,ok,
Prod_27,190,Terminado,2026-06-05
Prod_23,127,Ok,2026-06-01
Prod_49,97,Terminado,2026-06-01
Prod_31,495,Pendiente,2026-06-05
Prod_21,491,FALLO,2026-06-01
Prod_47,476,Error,2026-06-01
Prod_44,478,ok,2026-06-05
Prod_38,47,ok,2026-06-01
Prod_11,285,Terminado,2026-06-01
Prod_10,499,Ok,2026-06-01
Prod_3,469,Terminado,2026-06-05
Prod_13,12,FALLO,2026-06-05
Prod_8,42,Terminado,
Prod_11,167,ok,
Prod_4,261,Pendiente,
Prod_17,378,Pendiente,
Prod_1,247,FALLO,2026-06-05
Prod_26,219,Terminado,2026-06-01
Prod_15,252,Error,2026-06-01
Prod_46,109,Pendiente,2026-06-05
Prod_21,124,Terminado,
Prod_16,182,Pendiente,2026-06-01
Prod_22,175,ok,2026-06-05
Prod_12,405,Terminado,2026-06-05
Prod_43,439,ok,2026-06-05
Prod_30,341,FALLO,2026-06-01
Prod_10,212,FALLO,2026-06-01
Prod_33,348,ok,2026-06-01
Prod_3,179,Ok,2026-06-05
Prod_22,190,Pendiente,2026-06-01
Prod_16,436,Error,
Prod_21,382,Terminado,2026-06-01
Prod_12,407,Ok,
Prod_27,146,FALLO,
Prod_19,173,FALLO,2026-06-01
Prod_14,339,Error,
Prod_24,352,Error,
Prod_10,327,Ok,
Prod_12,177,Ok,
Prod_7,261,FALLO,2026-06-05
Prod_27,423,ok,2026-06-01
Prod_22,58,Ok,2026-06-05
Prod_22,491,Ok,
Prod_13,11,FALLO,
Prod_5,106,Ok,2026-06-05
Prod_16,286,Terminado,2026-06-05
Prod_9,68,Ok,2026-06-01
Prod_25,193,ok,2026-06-01
Prod_37,95,Ok,2026-06-01
Prod_20,421,Error,2026-06-05
Prod_41,66,ok,2026-06-01
Prod_17,64,Pendiente,2026-06-05
Prod_37,126,Pendiente,2026-06-05
Prod_12,263,Terminado,2026-06-01
Prod_37,107,Terminado,2026-06-05
Prod_3,45,Pendiente,2026-06-01
Prod_8,169,Terminado,2026-06-01
Prod_29,99,Ok,2026-06-05
Prod_23,116,Pendiente,2026-06-01
Prod_43,140,Ok,
Prod_47,285,Error,
Prod_23,298,Terminado,2026-06-05
Prod_12,54,FALLO,2026-06-05
Prod_45,219,Error,2026-06-01
Prod_6,490,Ok,
Prod_11,306,Error,
Prod_35,18,Error,2026-06-05
Prod_7,208,Pendiente,2026-06-05
Prod_45,264,ok,2026-06-01
Prod_11,131,Ok,2026-06-01
Prod_1,499,Error,2026-06-01
Prod_5,12,Ok,2026-06-01
Prod_43,454,Terminado,
Prod_12,150,Error,2026-06-01
Prod_19,330,FALLO,2026-06-01
Prod_41,135,FALLO,2026-06-05
Prod_3,227,Terminado,
Prod_18,439,FALLO,2026-06-05
Prod_42,308,Terminado,2026-06-01
Prod_22,483,ok,2026-06-01
Prod_24,78,Terminado,
Prod_26,396,FALLO,2026-06-05
Prod_33,207,Error,2026-06-05
Prod_21,427,Error,2026-06-01
Prod_50,349,Ok,2026-06-01
Prod_33,140,ok,
Prod_38,52,Terminado,2026-06-01
Prod_42,376,Pendiente,2026-06-01
Prod_14,459,Pendiente,2026-06-05
Prod_39,476,Terminado,2026-06-05
Prod_10,14,Pendiente,2026-06-01
Prod_7,151,FALLO,
Prod_25,410,Pendiente,2026-06-05
Prod_32,174,Terminado,2026-06-01
Prod_47,358,Terminado,2026-06-01
Prod_15,192,Pendiente,2026-06-05
Prod_20,148,Ok,
Prod_33,477,Terminado,2026-06-05
Prod_30,262,Ok,2026-06-01
Prod_8,371,Ok,2026-06-05
Prod_5,47,Pendiente,
Prod_21,324,Error,
Prod_21,345,Pendiente,2026-06-01
Prod_14,329,Terminado,2026-06-05
Prod_17,61,Terminado,2026-06-05
Prod_15,17,Error,2026-06-01
Prod_20,149,Ok,2026-06-01
Prod_24,24,Ok,2026-06-05
Prod_35,11,Error,2026-06-01
Prod_7,351,Error,2026-06-05
Prod_10,188,FALLO,
Prod_23,98,Terminado,2026-06-05
Prod_13,85,FALLO,
Prod_17,67,Terminado,2026-06-05
Prod_35,114,Pendiente,2026-06-01
Prod_23,289,Pendiente,2026-06-05
Prod_47,468,Pendiente,2026-06-05
Prod_4,274,Pendiente,2026-06-01
Prod_37,28,Pendiente,2026-06-05
Prod_42,114,Ok,2026-06-01
Prod_36,239,Error,2026-06-01
Prod_11,272,Ok,2026-06-05
Prod_19,137,Ok,2026-06-05
Prod_17,492,Error,2026-06-01
Prod_13,83,Pendiente,
Prod_44,182,Pendiente,2026-06-01
Prod_45,232,Terminado,2026-06-01
Prod_28,88,Ok,
Prod_36,236,Terminado,2026-06-05
Prod_17,360,Terminado,2026-06-05
Prod_6,173,Error,2026-06-01
Prod_47,454,ok,2026-06-01
Prod_33,182,Terminado,2026-06-01
Prod_27,116,Ok,
Prod_35,342,Pendiente,
Prod_12,359,ok,2026-06-01
Prod_28,23,ok,
Prod_33,366,Error,2026-06-01
Prod_2,218,Terminado,
Prod_42,441,FALLO,2026-06-01
Prod_13,36,Error,2026-06-01
Prod_31,373,FALLO,2026-06-05
Prod_5,118,Pendiente,2026-06-01
Prod_9,143,Error,2026-06-05
Prod_39,379,ok,2026-06-05
Prod_16,189,Error,2026-06-01
Prod_28,253,FALLO,2026-06-05
Prod_32,319,Ok,2026-06-05
Prod_31,420,ok,2026-06-01
Prod_8,381,Pendiente,2026-06-01
Prod_48,373,FALLO,
Prod_1,85,Error,2026-06-05
Prod_8,277,Terminado,2026-06-05
Prod_13,483,Error,
Prod_8,230,Ok,
Prod_14,469,Error,
Prod_15,431,ok,2026-06-05
Prod_4,142,Ok,
Prod_43,498,Terminado,2026-06-01
Prod_8,337,ok,
Prod_32,31,Error,
Prod_8,369,Terminado,
Prod_3,95,FALLO,2026-06-05
Prod_48,108,Ok,2026-06-01
Prod_31,31,Pendiente,2026-06-01
Prod_21,369,Pendiente,
Prod_41,130,FALLO,2026-06-05
Prod_31,289,ok,2026-06-01
Prod_40,257,ok,2026-06-05
Prod_20,472,Ok,
Prod_18,26,ok,
Prod_17,88,Terminado,2026-06-01
Prod_47,470,FALLO,
Prod_25,428,ok,2026-06-01
Prod_14,181,Error,2026-06-01
Prod_30,50,ok,
Prod_32,373,Error,
Prod_16,91,Pendiente,2026-06-05
Prod_49,449,Ok,2026-06-05
Prod_19,306,ok,
Prod_39,485,Ok,
Prod_5,152,Terminado,2026-06-01
Prod_36,373,Pendiente,2026-06-01
Prod_22,374,FALLO,
Prod_4,63,Pendiente,
Prod_48,459,Pendiente,2026-06-01
Prod_43,431,FALLO,
Prod_24,489,Ok,2026-06-01
Prod_39,211,Terminado,
Prod_23,447,ok,2026-06-05
Prod_48,177,Error,2026-06-05
Prod_46,73,ok,2026-06-05
Prod_31,17,FALLO,2026-06-05
Prod_5,69,Ok,
Prod_31,81,ok,2026-06-05
Prod_8,37,FALLO,2026-06-01
Prod_44,452,Ok,
Prod_21,34,FALLO,
Prod_8,181,FALLO,2026-06-05
Prod_27,276,Terminado,2026-06-01
Prod_39,51,FALLO,2026-06-01
Prod_18,73,Pendiente,2026-06-05
Prod_30,209,Terminado,2026-06-01
Prod_13,344,ok,2026-06-01
Prod_50,248,FALLO,2026-06-01
Prod_11,42,ok,
Prod_31,108,Error,2026-06-01
Prod_2,220,ok,2026-06-05
Prod_13,490,Ok,
Prod_12,60,FALLO,2026-06-05
Prod_21,382,FALLO,2026-06-05
Prod_16,92,Ok,
Prod_45,304,Ok,
Prod_44,103,FALLO,2026-06-01
Prod_37,289,Terminado,2026-06-01
Prod_7,325,ok,
Prod_21,242,FALLO,2026-06-01
Prod_11,63,Terminado,
Prod_29,369,Ok,2026-06-01
Prod_10,128,Error,
Prod_26,361,Ok,2026-06-01
Prod_48,471,FALLO,
Prod_11,88,Pendiente,2026-06-05
Prod_9,81,ok,2026-06-05
Prod_6,56,Terminado,
Prod_19,259,Terminado,
Prod_3,127,FALLO,
Prod_7,33,Error,2026-06-01
Prod_46,54,ok,2026-06-05
Prod_32,194,Terminado,2026-06-01
Prod_19,291,Terminado,2026-06-05
Prod_21,233,ok,
Prod_4,122,Error,2026-06-01
Prod_5,299,Error,2026-06-01
Prod_29,293,Terminado,2026-06-01
Prod_33,305,FALLO,2026-06-05
Prod_4,251,Ok,2026-06-01
Prod_21,232,ok,
Prod_33,248,FALLO,
Prod_35,182,Ok,
Prod_13,184,Terminado,2026-06-01
Prod_32,23,Terminado,2026-06-05
Prod_46,126,Error,2026-06-05
Prod_7,445,Ok,
Prod_19,278,Pendiente,
Prod_15,124,Ok,
Prod_5,190,Ok,2026-06-05
Prod_1,296,ok,2026-06-01
Prod_20,24,Ok,
Prod_5,300,Terminado,2026-06-05
Prod_18,74,FALLO,2026-06-05
Prod_26,289,Pendiente,
Prod_8,411,Ok,2026-06-01
Prod_1,378,Error,2026-06-05
Prod_19,202,Ok,2026-06-01
Prod_27,25,Ok,
Prod_4,358,ok,2026-06-05
Prod_39,415,Error,
Prod_3,394,Terminado,2026-06-05
Prod_10,334,Ok,2026-06-05
Prod_14,465,Terminado,
Prod_16,152,Error,2026-06-05
Prod_13,11,ok,
Prod_16,409,Error,2026-06-05
Prod_23,368,Ok,2026-06-05
Prod_24,275,Error,2026-06-05
Prod_30,418,ok,2026-06-05
Prod_45,422,FALLO,2026-06-01
Prod_48,420,Terminado,
Prod_22,314,FALLO,
Prod_45,410,Ok,2026-06-01
Prod_33,218,FALLO,
Prod_44,24,Error,2026-06-05
Prod_26,299,FALLO,2026-06-01
Prod_30,346,Pendiente,
Prod_31,284,Pendiente,2026-06-01
Prod_40,154,Error,
Prod_32,358,FALLO,2026-06-01
Prod_12,295,Error,2026-06-01
Prod_18,271,ok,2026-06-05
Prod_22,191,Error,2026-06-05
Prod_50,362,ok,2026-06-05
Prod_40,206,Terminado,2026-06-01
Prod_29,125,FALLO,
Prod_16,448,Pendiente,2026-06-01
Prod_10,391,FALLO,
Prod_18,94,Error,2026-06-05
Prod_26,425,Error,2026-06-01
Prod_45,500,Pendiente,
Prod_10,249,Pendiente,2026-06-05
Prod_3,476,Terminado,2026-06-05
Prod_13,166,ok,2026-06-05
Prod_19,149,FALLO,
Prod_34,52,Error,2026-06-05
Prod_17,385,Ok,2026-06-05
Prod_35,375,Ok,
Prod_50,225,Pendiente,
Prod_30,208,Terminado,2026-06-01
Prod_34,334,Ok,
Prod_29,349,Error,
Prod_35,123,ok,2026-06-05
Prod_15,367,Pendiente,2026-06-05
Prod_22,213,Error,2026-06-05
Prod_35,201,Ok,2026-06-05
Prod_2,169,Pendiente,2026-06-01
Prod_17,450,FALLO,2026-06-01
Prod_38,29,ok,2026-06-05
Prod_30,488,Error,
Prod_2,500,Terminado,2026-06-01
Prod_2,15,ok,2026-06-01
Prod_49,182,Pendiente,
Prod_34,109,Pendiente,2026-06-05
Prod_37,473,Ok,2026-06-05
Prod_47,176,FALLO,2026-06-05
Prod_45,324,ok,2026-06-05
Prod_7,385,Pendiente,2026-06-05
Prod_37,424,Error,2026-06-05
Prod_32,472,FALLO,2026-06-01
Prod_22,280,Error,
Prod_38,157,FALLO,2026-06-05
Prod_30,31,Ok,
Prod_17,457,Terminado,
Prod_44,421,Ok,2026-06-01
Prod_5,430,FALLO,2026-06-01
Prod_47,497,Terminado,2026-06-05
Prod_37,434,FALLO,2026-06-01
Prod_33,163,Ok,2026-06-01
Prod_40,282,ok,2026-06-05
Prod_37,361,Error,2026-06-05
Prod_4,470,Terminado,2026-06-05
Prod_47,229,Ok,2026-06-01
Prod_2,198,FALLO,2026-06-05
Prod_17,298,Pendiente,
Prod_32,282,ok,2026-06-01
Prod_11,25,Pendiente,
Prod_30,164,Pendiente,2026-06-05
Prod_18,381,Pendiente,2026-06-05
Prod_20,460,Ok,2026-06-01
Prod_35,229,Error,2026-06-01
Prod_20,44,Pendiente,2026-06-05
Prod_26,129,Ok,2026-06-01
Prod_49,446,Error,2026-06-01
Prod_26,282,Pendiente,2026-06-01
Prod_41,213,Pendiente,2026-06-05
Prod_41,414,Terminado,2026-06-01
Prod_37,261,Error,2026-06-05
Prod_12,167,Pendiente,2026-06-05
Prod_19,182,Error,2026-06-05
Prod_48,422,FALLO,2026-06-01
Prod_23,461,Ok,2026-06-05
Prod_23,200,ok,2026-06-01
Prod_20,115,Pendiente,
Prod_38,155,Ok,2026-06-01
Prod_23,417,Terminado,
Prod_22,341,ok,
Prod_45,378,Terminado,2026-06-01
Prod_17,282,Terminado,2026-06-05
Prod_8,202,Ok,2026-06-01
Prod_50,487,Error,
Prod_36,131,Pendiente,2026-06-05
Prod_37,12,Terminado,
Prod_44,65,Terminado,
Prod_30,191,ok,2026-06-01
Prod_43,271,FALLO,2026-06-05
Prod_45,215,Terminado,2026-06-01
Prod_39,119,Pendiente,2026-06-05
Prod_9,37,Pendiente,2026-06-01
Prod_29,297,ok,2026-06-01
Prod_14,43,ok,2026-06-01
Prod_49,321,Terminado,2026-06-05
Prod_40,15,Terminado,2026-06-05
Prod_4,275,Ok,2026-06-05
Prod_4,101,Ok,2026-06-01
Prod_19,132,Error,
Prod_25,168,Ok,2026-06-01
Prod_33,299,FALLO,2026-06-01
Prod_45,92,Pendiente,
Prod_19,428,Pendiente,2026-06-05
Prod_1,399,FALLO,2026-06-05
Prod_44,315,Terminado,2026-06-01
Prod_43,97,ok,
Prod_29,97,Ok,2026-06-05
Prod_29,173,Terminado,2026-06-01
Prod_18,447,FALLO,2026-06-01
Prod_8,378,Ok,
Prod_21,448,Error,
Prod_28,80,FALLO,2026-06-01
Prod_32,107,Ok,2026-06-01
Prod_5,58,Ok,
Prod_42,316,Pendiente,2026-06-01
Prod_35,415,FALLO,2026-06-01
Prod_41,253,Terminado,2026-06-05
Prod_21,215,Pendiente,
Prod_26,117,Terminado,2026-06-01
Prod_31,211,Terminado,
Prod_10,181,Error,
Prod_33,254,Pendiente,2026-06-05
Prod_47,110,Ok,2026-06-05
Prod_7,448,Ok,
Prod_37,305,Ok,2026-06-05
Prod_50,420,Pendiente,2026-06-05
Prod_48,218,ok,
Prod_49,175,ok,2026-06-01
Prod_49,190,Ok,2026-06-01
Prod_43,250,FALLO,
Prod_44,171,Error,2026-06-01
Prod_38,157,FALLO,
Prod_24,286,FALLO,
Prod_22,379,ok,2026-06-01
Prod_24,371,FALLO,2026-06-01
Prod_16,366,ok,2026-06-05
Prod_39,412,Ok,2026-06-05
Prod_3,227,FALLO,2026-06-05
Prod_26,309,Error,
Prod_27,481,Ok,
Prod_6,296,Ok,2026-06-01
Prod_22,118,Error,2026-06-01
Prod_17,110,FALLO,2026-06-01
Prod_10,359,FALLO,
Prod_2,441,ok,2026-06-05
Prod_14,432,FALLO,2026-06-05
Prod_4,386,Pendiente,2026-06-05
Prod_13,465,Ok,
Prod_37,469,Ok,2026-06-05
Prod_8,169,Ok,2026-06-01
Prod_26,232,Error,2026-06-01
Prod_11,204,FALLO,2026-06-05
Prod_50,55,FALLO,2026-06-05
Prod_19,85,ok,2026-06-01
Prod_44,282,ok,
Prod_39,352,FALLO,
Prod_9,85,FALLO,2026-06-01
Prod_39,14,Error,2026-06-01
Prod_46,22,Error,2026-06-01
Prod_32,13,Terminado,2026-06-01
Prod_17,421,FALLO,2026-06-05
Prod_11,379,FALLO,2026-06-05
Prod_35,290,Terminado,
Prod_32,141,FALLO,2026-06-05
Prod_13,381,Pendiente,2026-06-05
Prod_49,420,Ok,2026-06-01
Prod_13,368,Ok,2026-06-05
Prod_49,251,FALLO,2026-06-01
Prod_30,117,ok,
Prod_32,58,Ok,2026-06-01
Prod_21,300,Error,2026-06-05
Prod_26,230,FALLO,2026-06-05
Prod_21,241,FALLO,2026-06-01
Prod_18,337,Ok,2026-06-05
Prod_23,262,FALLO,
Prod_34,309,FALLO,
Prod_21,368,ok,2026-06-01
Prod_11,170,Error,2026-06-01
Prod_32,275,Error,2026-06-05
Prod_21,476,ok,
Prod_12,280,Ok,2026-06-01
Prod_20,268,FALLO,2026-06-01
Prod_35,194,Pendiente,2026-06-01
Prod_21,471,Terminado,
Prod_42,46,ok,2026-06-05
Prod_50,213,ok,2026-06-05
Prod_29,224,Pendiente,2026-06-05
Prod_16,319,ok,
Prod_20,254,Ok,
Prod_41,96,ok,2026-06-01
Prod_31,248,FALLO,2026-06-05
Prod_7,318,Ok,2026-06-01
Prod_27,399,Error,2026-06-01
Prod_43,55,Pendiente,2026-06-05
Prod_26,425,FALLO,2026-06-05
Prod_43,173,ok,2026-06-05
Prod_35,481,FALLO,2026-06-01
Prod_46,213,ok,
Prod_34,321,Pendiente,
Prod_32,488,ok,2026-06-05
Prod_31,184,Ok,
Prod_13,242,Error,
Prod_20,223,Pendiente,2026-06-01
Prod_28,233,Ok,
Prod_15,338,ok,2026-06-05
Prod_44,494,Ok,2026-06-01
Prod_12,365,FALLO,2026-06-05
Prod_7,356,ok,2026-06-01
Prod_46,223,FALLO,2026-06-01
Prod_35,479,FALLO,2026-06-01
Prod_1,465,Terminado,2026-06-05
Prod_16,76,Pendiente,2026-06-05
Prod_8,261,Ok,
Prod_24,188,Ok,2026-06-01
Prod_38,18,Terminado,2026-06-05
Prod_36,143,Terminado,2026-06-05
Prod_23,236,Pendiente,
Prod_17,251,FALLO,
Prod_11,164,Pendiente,2026-06-01
Prod_50,442,Pendiente,2026-06-05
Prod_35,386,Terminado,
Prod_31,449,Terminado,2026-06-01
Prod_33,320,FALLO,2026-06-01
Prod_7,395,Error,2026-06-01
Prod_34,56,ok,
Prod_12,316,Terminado,2026-06-05
Prod_26,378,Pendiente,2026-06-05
Prod_27,173,Terminado,2026-06-05
Prod_4,310,Pendiente,2026-06-01
Prod_39,102,Error,
Prod_40,165,Terminado,2026-06-05
Prod_32,44,Error,2026-06-05
Prod_36,356,Error,2026-06-05
Prod_45,424,FALLO,2026-06-05
Prod_18,262,Error,2026-06-01
Prod_46,131,ok,2026-06-05
Prod_46,384,FALLO,2026-06-05
Prod_2,27,Pendiente,2026-06-05
Prod_38,418,ok,2026-06-05
Prod_1,300,ok,2026-06-05
Prod_35,309,Ok,2026-06-05
Prod_40,346,Pendiente,2026-06-01
Prod_45,280,ok,2026-06-05
Prod_30,142,Terminado,2026-06-05
Prod_25,259,Error,
Prod_50,115,FALLO,
Prod_43,116,ok,2026-06-01
Prod_41,69,Terminado,2026-06-01
Prod_46,464,ok,
Prod_38,92,Ok,2026-06-01
Prod_46,287,Ok,2026-06-05
Prod_9,81,Ok,2026-06-01
Prod_17,328,ok,2026-06-01
Prod_16,473,Terminado,
Prod_5,214,Error,
Prod_46,209,FALLO,
Prod_23,280,FALLO,2026-06-05
Prod_37,87,Ok,2026-06-05
Prod_9,52,Ok,2026-06-01
Prod_25,260,Error,2026-06-05
Prod_14,276,FALLO,2026-06-05
Prod_10,381,Ok,2026-06-01
Prod_28,236,Ok,2026-06-05
Prod_41,65,ok,2026-06-01
Prod_36,159,FALLO,2026-06-01
Prod_12,21,Pendiente,2026-06-01
Prod_32,220,ok,2026-06-05
Prod_28,206,Terminado,2026-06-01
Prod_31,13,FALLO,
Prod_50,294,Terminado,
Prod_10,153,FALLO,
Prod_17,82,Ok,2026-06-05
Prod_11,54,FALLO,
Prod_25,265,Pendiente,
Prod_26,231,Pendiente,
Prod_37,137,FALLO,2026-06-01
Prod_42,237,Ok,2026-06-01
Prod_43,373,Ok,2026-06-05
Prod_31,409,Pendiente,
Prod_35,430,Pendiente,2026-06-01
Prod_33,116,Error,2026-06-05
Prod_49,162,Error,
Prod_42,132,Pendiente,2026-06-01
Prod_8,119,ok,2026-06-01
Prod_1,336,FALLO,2026-06-05
Prod_49,279,Ok,2026-06-05
Prod_40,497,Pendiente,
Prod_10,202,ok,
Prod_33,326,ok,2026-06-05
Prod_32,190,Error,2026-06-01
Prod_48,96,Error,2026-06-05
Prod_47,166,Ok,2026-06-05
Prod_5,427,Error,2026-06-01
Prod_44,320,Ok,2026-06-01
Prod_46,295,ok,2026-06-01
Prod_40,47,ok,
Prod_33,83,FALLO,2026-06-01
Prod_43,273,Terminado,2026-06-01
Prod_7,236,FALLO,2026-06-05
Prod_29,185,FALLO,
Prod_4,405,FALLO,2026-06-05
Prod_6,468,FALLO,2026-06-01
Prod_6,47,Error,2026-06-01
Prod_31,250,Terminado,2026-06-01
Prod_30,479,Terminado,2026-06-01
Prod_7,394,Pendiente,
Prod_12,41,Ok,2026-06-05
Prod_31,180,Terminado,2026-06-05
Prod_9,240,FALLO,2026-06-05
Prod_40,107,Error,2026-06-01
Prod_37,202,Ok,2026-06-01
Prod_3,488,Terminado,2026-06-01
Prod_29,310,Terminado,2026-06-01
Prod_20,370,FALLO,2026-06-01
Prod_9,276,Pendiente,2026-06-05
Prod_19,186,Ok,2026-06-05
Prod_36,326,Error,2026-06-05
Prod_8,113,Pendiente,2026-06-05
Prod_20,75,Terminado,
Prod_23,81,Terminado,
Prod_2,471,ok,2026-06-01
Prod_14,466,FALLO,
Prod_9,262,Error,2026-06-01
Prod_8,107,ok,
Prod_7,67,Error,2026-06-05
Prod_37,320,FALLO,2026-06-01
Prod_6,211,Pendiente,
Prod_22,493,ok,2026-06-05
Prod_49,434,Terminado,
Prod_43,234,ok,2026-06-01
Prod_6,43,Ok,2026-06-05
Prod_8,128,ok,2026-06-05
Prod_30,330,Error,2026-06-01
Prod_37,435,Ok,2026-06-05
Prod_7,295,Terminado,
Prod_33,197,Pendiente,
Prod_26,450,Error,2026-06-01
Prod_33,118,Pendiente,2026-06-05
Prod_36,309,Pendiente,2026-06-01
Prod_25,365,Terminado,2026-06-01
Prod_49,481,FALLO,2026-06-01
Prod_14,367,Terminado,2026-06-05
Prod_37,90,ok,2026-06-01
Prod_32,364,ok,2026-06-05
Prod_46,395,ok,2026-06-05
Prod_40,388,FALLO,
Prod_33,165,Error,2026-06-05
Prod_19,26,FALLO,2026-06-05
Prod_15,315,ok,
Prod_14,48,Terminado,
Prod_35,99,Error,2026-06-05
Prod_16,369,FALLO,2026-06-05
Prod_42,207,ok,2026-06-01
Prod_10,427,Ok,2026-06-01
Prod_26,474,ok,2026-06-05
Prod_7,378,Error,
Prod_9,323,ok,2026-06-01
Prod_5,25,FALLO,2026-06-05
Prod_19,392,Ok,2026-06-05
Prod_8,227,ok,
Prod_9,62,Ok,2026-06-05
Prod_7,331,Error,2026-06-01
Prod_6,113,FALLO,2026-06-01
Prod_50,353,Terminado,
Prod_47,302,Terminado,2026-06-05
Prod_50,115,Terminado,2026-06-01
Prod_13,154,FALLO,2026-06-05
Prod_17,378,Pendiente,2026-06-05
Prod_11,465,Pendiente,2026-06-05
Prod_30,439,Error,2026-06-05
Prod_15,488,Ok,
Prod_4,272,Pendiente,
Prod_17,239,ok,2026-06-01
Prod_39,163,ok,2026-06-01
Prod_46,62,Terminado,2026-06-01
Prod_2,17,FALLO,2026-06-01
Prod_10,341,Terminado,
Prod_23,157,FALLO,2026-06-01
Prod_40,345,Terminado,2026-06-01
Prod_40,25,Pendiente,2026-06-05
Prod_39,315,ok,2026-06-05
Prod_48,155,ok,2026-06-01
Prod_10,229,Ok,2026-06-01
Prod_50,249,Terminado,
Prod_42,482,Error,2026-06-05
Prod_8,294,Pendiente,2026-06-05
Prod_33,408,Pendiente,2026-06-05
Prod_20,427,Ok,2026-06-05
Prod_31,312,Ok,2026-06-01
Prod_25,352,FALLO,
Prod_21,460,ok,2026-06-05
Prod_8,285,Pendiente,
Prod_1,41,ok,2026-06-01
Prod_22,495,Pendiente,2026-06-01
Prod_22,375,Ok,2026-06-05
Prod_26,212,Error,2026-06-01
Prod_18,301,Terminado,
Prod_37,263,FALLO,2026-06-01
Prod_39,247,ok,2026-06-05
Prod_48,485,Error,
Prod_1,101,Terminado,
Prod_16,45,Error,
Prod_14,37,Pendiente,
Prod_22,152,Error,
Prod_38,187,Pendiente,2026-06-01
Prod_47,213,Ok,2026-06-05
Prod_27,136,Error,2026-06-05
Prod_33,254,Terminado,
Prod_10,283,Ok,2026-06-05
Prod_48,82,Ok,2026-06-01
Prod_33,204,Terminado,
Prod_18,191,FALLO,2026-06-05
Prod_1,320,ok,2026-06-05
Prod_4,354,Terminado,2026-06-01
Prod_31,218,FALLO,2026-06-01
Prod_2,313,Pendiente,2026-06-05
Prod_14,346,FALLO,2026-06-01
Prod_22,313,Terminado,2026-06-05
Prod_14,153,ok,2026-06-05
Prod_30,71,Pendiente,2026-06-05
Prod_48,108,ok,2026-06-05
Prod_17,322,Ok,
Prod_20,40,Terminado,2026-06-01
Prod_5,63,Terminado,2026-06-01
Prod_39,101,ok,2026-06-05
Prod_12,194,Terminado,2026-06-01
Prod_24,136,Terminado,
Prod_46,429,Ok,2026-06-05
Prod_33,169,ok,2026-06-05
Prod_31,417,FALLO,
Prod_19,131,ok,
Prod_45,297,Pendiente,
Prod_30,34,Terminado,
Prod_15,471,ok,2026-06-05
Prod_26,141,Terminado,2026-06-05
Prod_8,433,Pendiente,2026-06-05
Prod_36,57,Ok,
Prod_45,60,Error,2026-06-01
Prod_25,364,ok,2026-06-05
Prod_15,194,FALLO,
Prod_26,495,Ok,
Prod_44,455,FALLO,
Prod_19,420,Terminado,
Prod_41,254,Error,2026-06-05
Prod_46,262,Ok,2026-06-01
Prod_27,32,Error,2026-06-05
Prod_20,198,Ok,2026-06-01
Prod_29,460,Pendiente,2026-06-01
Prod_3,315,Terminado,2026-06-01
Prod_21,53,Terminado,2026-06-01
Prod_22,394,Error,2026-06-05
Prod_23,173,Ok,
Prod_35,266,Pendiente,2026-06-05
Prod_4,295,Pendiente,2026-06-01
Prod_11,168,FALLO,2026-06-05
Prod_49,181,FALLO,
Prod_38,293,FALLO,2026-06-01
Prod_16,396,Error,2026-06-01
Prod_32,212,ok,2026-06-05
Prod_37,426,Pendiente,2026-06-01
Prod_18,214,Ok,2026-06-05
Prod_50,484,ok,
Prod_30,477,Terminado,2026-06-05
Prod_24,11,Pendiente,2026-06-01
Prod_6,19,Terminado,2026-06-01
Prod_44,491,Pendiente,2026-06-05
Prod_46,427,ok,
Prod_37,93,Terminado,
Prod_26,371,Error,2026-06-05
Prod_14,192,Pendiente,
Prod_27,267,Error,
Prod_30,237,Pendiente,
Prod_48,217,ok,
Prod_33,105,ok,2026-06-01
Prod_17,320,ok,2026-06-05
Prod_27,181,ok,2026-06-05
Prod_18,376,Error,2026-06-01
Prod_32,447,Ok,2026-06-05
Prod_37,137,FALLO,2026-06-05
Prod_37,435,Terminado,2026-06-05
Prod_32,184,FALLO,2026-06-01
Prod_38,211,ok,2026-06-05
Prod_41,325,FALLO,
Prod_12,431,ok,2026-06-01
Prod_21,104,Error,2026-06-01
Prod_39,318,Pendiente,2026-06-01
Prod_5,199,ok,
Prod_36,484,Terminado,
Prod_13,245,Pendiente,2026-06-01
Prod_19,268,Terminado,2026-06-05
Prod_18,252,Terminado,2026-06-01
Prod_6,496,Ok,2026-06-01
Prod_23,257,Terminado,2026-06-05
Prod_50,315,ok,2026-06-01
Prod_41,146,Pendiente,2026-06-05
Prod_23,268,ok,
Prod_8,180,ok,2026-06-01
Prod_10,247,Pendiente,
Prod_30,197,FALLO,2026-06-05
Prod_40,173,Pendiente,2026-06-01
Prod_43,389,Pendiente,
Prod_13,480,Pendiente,
Prod_38,488,Ok,2026-06-01
Prod_46,99,Ok,2026-06-01
Prod_27,499,Pendiente,2026-06-01
Prod_24,336,Terminado,
Prod_41,158,Error,
Prod_9,340,FALLO,
Prod_15,71,Terminado,2026-06-01
Prod_32,375,Error,
Prod_11,197,ok,2026-06-05
Prod_50,371,ok,
Prod_11,239,FALLO,
Prod_3,117,Pendiente,2026-06-01
Prod_25,69,Error,2026-06-05
Prod_43,447,Ok,
Prod_49,475,Ok,
Prod_23,102,Error,
Prod_46,106,Terminado,
Prod_20,44,ok,
Prod_17,308,FALLO,2026-06-05
Prod_40,250,Terminado,
Prod_40,478,Terminado,2026-06-01
Prod_6,130,FALLO,
Prod_34,444,Error,2026-06-01
Prod_49,183,Ok,
Prod_14,448,Pendiente,
Prod_36,320,Terminado,
Prod_15,493,Ok,2026-06-01
Prod_24,176,Ok,2026-06-05
Prod_12,327,Ok,2026-06-05
Prod_49,225,FALLO,
Prod_35,15,Terminado,
Prod_11,266,Error,2026-06-01
Prod_42,342,Ok,
Prod_25,227,Pendiente,2026-06-05
Prod_8,216,Pendiente,
Prod_48,292,Pendiente,2026-06-05
Prod_20,55,Error,2026-06-01
Prod_36,206,ok,2026-06-05
Prod_48,490,Error,2026-06-01
Prod_42,249,Pendiente,2026-06-01
Prod_24,293,ok,2026-06-05
Prod_11,420,FALLO,
Prod_50,377,Terminado,2026-06-05
Prod_1,84,FALLO,2026-06-05
Prod_1,393,Ok,2026-06-01
Prod_27,349,FALLO,2026-06-01
Prod_4,13,Terminado,2026-06-05
Prod_17,113,ok,2026-06-01
Prod_13,297,Error,
Prod_23,339,ok,
Prod_25,473,Terminado,
Prod_11,463,Error,2026-06-05
Prod_42,303,Terminado,2026-06-01
Prod_1,361,ok,2026-06-05
Prod_5,353,FALLO,2026-06-05
Prod_45,321,Ok,2026-06-01
Prod_29,258,Ok,
Prod_18,378,Ok,2026-06-01
Prod_27,13,Terminado,2026-06-05
Prod_26,264,Error,2026-06-01
Prod_37,399,Pendiente,2026-06-05
Prod_4,311,Pendiente,2026-06-05
Prod_14,315,ok,
Prod_28,96,Pendiente,
Prod_20,397,Pendiente,
Prod_28,493,Pendiente,2026-06-01
Prod_2,234,ok,
Prod_2,46,Terminado,2026-06-01
Prod_15,375,Ok,2026-06-05
Prod_25,332,Error,2026-06-05
Prod_5,21,Terminado,2026-06-05
Prod_26,479,FALLO,
Prod_18,480,ok,2026-06-05
Prod_34,269,FALLO,2026-06-05
Prod_35,424,FALLO,2026-06-01
Prod_29,23,Terminado,2026-06-01
Prod_35,350,ok,2026-06-05
Prod_23,76,Terminado,2026-06-01
Prod_48,34,Terminado,2026-06-01
Prod_41,417,ok,2026-06-01
Prod_23,205,Error,2026-06-01
Prod_34,115,Pendiente,
Prod_44,437,ok,2026-06-01
Prod_3,73,Terminado,
Prod_14,489,Ok,2026-06-01
Prod_16,467,Error,
Prod_45,13,FALLO,
Prod_4,190,ok,2026-06-01
Prod_21,362,Error,2026-06-01
Prod_37,469,Terminado,2026-06-05
Prod_31,405,Terminado,2026-06-01
Prod_35,56,ok,
Prod_21,138,Terminado,
Prod_36,173,Ok,2026-06-01
Prod_20,147,Ok,2026-06-01
Prod_18,220,FALLO,2026-06-05
Prod_36,47,FALLO,2026-06-05
Prod_44,293,ok,2026-06-01
Prod_25,298,ok,2026-06-01
Prod_38,257,Ok,2026-06-05
Prod_35,45,ok,
Prod_35,205,ok,2026-06-01
Prod_5,58,Error,2026-06-01
Prod_8,17,Pendiente,2026-06-01
Prod_36,226,Ok,
Prod_25,278,Pendiente,2026-06-01
Prod_19,210,ok,
Prod_37,223,Terminado,2026-06-01
Prod_28,364,Pendiente,2026-06-01
Prod_33,199,ok,2026-06-05
Prod_10,113,Terminado,2026-06-05
Prod_26,57,Error,2026-06-01
Prod_44,458,Terminado,2026-06-01
Prod_32,143,FALLO,
Prod_16,121,Error,2026-06-01
Prod_11,375,Ok,
Prod_19,433,ok,
Prod_48,377,Terminado,2026-06-01
Prod_23,186,Ok,2026-06-05
Prod_15,239,Ok,2026-06-05
Prod_22,126,Error,2026-06-05
Prod_31,325,FALLO,2026-06-05
Prod_32,181,Error,
Prod_27,374,Pendiente,2026-06-01
Prod_3,346,ok,2026-06-01
Prod_4,230,Ok,
Prod_41,43,Terminado,
Prod_49,160,Error,2026-06-01
Prod_46,161,ok,2026-06-05
Prod_24,363,Terminado,
Prod_6,361,Terminado,2026-06-05
Prod_15,456,Ok,2026-06-05
Prod_7,455,Ok,2026-06-05
Prod_35,105,Ok,2026-06-05
Prod_7,100,Terminado,
Prod_31,283,ok,2026-06-05
Prod_28,164,Ok,2026-06-01
Prod_45,375,Error,2026-06-01
Prod_25,151,Terminado,2026-06-05
Prod_48,222,Ok,
Prod_22,369,Error,
Prod_50,130,Pendiente,2026-06-05
Prod_13,362,ok,2026-06-01
Prod_49,208,ok,
Prod_28,253,Ok,2026-06-01
Prod_44,362,ok,
Prod_24,10,Ok,2026-06-05
Prod_8,315,Pendiente,2026-06-05
Prod_43,283,FALLO,
Prod_37,105,Error,
Prod_38,45,FALLO,2026-06-05
Prod_14,210,Ok,
Prod_5,267,Terminado,2026-06-05
Prod_23,56,Ok,
Prod_44,198,Terminado,2026-06-05
Prod_37,444,Terminado,
Prod_41,448,FALLO,2026-06-01
Prod_2,199,ok,2026-06-05
Prod_10,495,FALLO,2026-06-01
Prod_41,190,Error,
Prod_35,231,FALLO,2026-06-05
Prod_7,484,Pendiente,2026-06-05
Prod_12,367,Error,2026-06-05
Prod_31,245,Terminado,2026-06-01
Prod_41,500,Error,2026-06-05
Prod_26,139,Error,2026-06-01
Prod_13,382,FALLO,2026-06-01
Prod_2,276,ok,
Prod_39,446,Pendiente,
Prod_46,121,FALLO,2026-06-05
Prod_35,181,ok,2026-06-01
Prod_32,333,Error,2026-06-01
Prod_7,230,Pendiente,
Prod_20,278,FALLO,
Prod_37,406,ok,2026-06-01
Prod_29,16,Terminado,
Prod_44,415,Pendiente,2026-06-01
Prod_46,117,Pendiente,
Prod_25,480,Terminado,2026-06-05
Prod_24,476,Ok,2026-06-01
Prod_15,319,FALLO,2026-06-05
Prod_17,330,Error,2026-06-05
Prod_12,242,Terminado,2026-06-01
Prod_1,142,ok,2026-06-05
Prod_18,293,Ok,
Prod_31,239,Error,2026-06-05
Prod_40,478,FALLO,2026-06-01
Prod_22,109,Ok,
Prod_22,119,Pendiente,2026-06-01
Prod_20,156,FALLO,
Prod_24,428,FALLO,2026-06-01
Prod_43,80,Ok,2026-06-01
Prod_26,393,Terminado,2026-06-05
Prod_1,20,ok,2026-06-05
Prod_8,486,Ok,2026-06-01
Prod_41,230,FALLO,
Prod_27,300,Pendiente,2026-06-01
Prod_35,11,Error,
Prod_19,330,ok,2026-06-01
Prod_23,108,Pendiente,2026-06-05
Prod_11,144,FALLO,
Prod_19,466,ok,
Prod_48,472,Pendiente,2026-06-01
Prod_11,492,Terminado,2026-06-05
Prod_44,30,ok,2026-06-05
Prod_43,217,Error,2026-06-01
Prod_34,205,Pendiente,2026-06-01
Prod_17,278,ok,2026-06-01
Prod_36,205,Error,
Prod_14,296,Error,
Prod_12,308,Pendiente,
Prod_24,329,ok,
Prod_44,91,Ok,2026-06-01
Prod_40,224,Error,2026-06-01
Prod_29,271,Ok,
Prod_18,413,Pendiente,
Prod_19,163,Pendiente,2026-06-01
Prod_25,123,Ok,
Prod_7,432,FALLO,2026-06-01
Prod_22,70,ok,2026-06-05
Prod_34,213,Terminado,2026-06-05
Prod_17,147,Ok,
Prod_48,323,Pendiente,
Prod_42,327,FALLO,2026-06-01
Prod_28,194,Error,
Prod_4,341,Terminado,
Prod_35,395,Ok,
Prod_39,486,Pendiente,2026-06-01
Prod_4,231,ok,2026-06-01
Prod_13,380,ok,2026-06-01
Prod_46,453,Error,2026-06-01
Prod_39,296,ok,2026-06-01
Prod_25,338,Terminado,
Prod_26,319,Pendiente,2026-06-05
Prod_47,410,Ok,2026-06-05
Prod_32,493,Pendiente,2026-06-01
Prod_6,430,Ok,2026-06-05
Prod_37,73,Error,2026-06-05
Prod_34,162,Pendiente,
Prod_2,454,Error,
Prod_14,473,Error,
Prod_47,33,Error,2026-06-05
Prod_38,245,FALLO,
Prod_28,415,Pendiente,
Prod_5,197,Terminado,2026-06-05
Prod_44,259,Terminado,
Prod_47,149,Error,2026-06-01
Prod_22,118,Pendiente,2026-06-05
Prod_21,300,ok,2026-06-01
Prod_17,307,FALLO,
Prod_40,208,Error,2026-06-05
Prod_7,21,Pendiente,2026-06-05
Prod_49,54,FALLO,
Prod_26,101,Error,2026-06-01
Prod_37,459,Pendiente,
Prod_41,39,ok,2026-06-05
Prod_28,18,Pendiente,
Prod_11,431,ok,2026-06-05
Prod_29,107,ok,2026-06-01
Prod_37,450,Ok,
Prod_39,421,Pendiente,
Prod_24,389,Terminado,
Prod_40,295,Error,
Prod_19,92,Error,
Prod_14,141,FALLO,2026-06-05
Prod_40,179,Error,2026-06-01
Prod_15,208,ok,2026-06-05
Prod_30,381,FALLO,
Prod_3,401,Ok,2026-06-01
Prod_16,410,ok,2026-06-01
Prod_28,338,FALLO,
Prod_14,471,Terminado,2026-06-01
Prod_7,479,Ok,
Prod_40,444,ok,
Prod_1,32,Ok,
Prod_26,325,Error,2026-06-05
Prod_14,54,FALLO,
Prod_23,37,Ok,2026-06-05
Prod_34,204,Terminado,2026-06-01
Prod_13,159,Ok,2026-06-05
Prod_46,432,ok,
Prod_28,387,Error,
Prod_36,274,Pendiente,2026-06-05
Prod_4,423,ok,
Prod_20,123,Ok,
Prod_47,388,Pendiente,2026-06-01
Prod_32,439,Pendiente,2026-06-01
Prod_4,167,FALLO,
Prod_29,127,ok,
Prod_9,255,Pendiente,2026-06-01
Prod_46,207,ok,2026-06-05
Prod_35,444,FALLO,2026-06-01
Prod_46,142,ok,2026-06-01
Prod_29,373,ok,
Prod_9,31,Error,2026-06-01
Prod_13,393,FALLO,
Prod_22,458,Ok,
Prod_18,399,Error,2026-06-05
Prod_41,76,FALLO,
Prod_26,76,Pendiente,
Prod_29,233,Ok,2026-06-05
Prod_41,438,Pendiente,2026-06-01
Prod_36,179,Error,
Prod_35,379,FALLO,2026-06-01
Prod_15,460,ok,
Prod_37,433,ok,2026-06-05
Prod_49,485,FALLO,2026-06-01
Prod_33,59,FALLO,
Prod_43,31,Ok,2026-06-01
Prod_50,205,Ok,2026-06-01
Prod_28,68,ok,2026-06-01
Prod_25,106,Error,2026-06-05
Prod_35,205,Ok,2026-06-05
Prod_35,283,Pendiente,2026-06-05
Prod_31,261,Ok,2026-06-01
Prod_21,232,Pendiente,
Prod_30,427,Error,2026-06-01
Prod_50,280,Pendiente,
Prod_44,498,ok,2026-06-05
Prod_46,323,Terminado,2026-06-05
Prod_24,457,Terminado,
Prod_21,360,Pendiente,2026-06-05
Prod_25,124,ok,2026-06-01
Prod_44,233,Error,2026-06-01
Prod_15,141,Pendiente,
Prod_28,104,Ok,2026-06-01
Prod_7,327,Terminado,2026-06-01
Prod_38,87,Error,
Prod_28,64,Pendiente,2026-06-05
Prod_49,348,Ok,2026-06-05
Prod_4,320,Terminado,2026-06-05
Prod_30,185,ok,2026-06-05
Prod_19,381,Error,2026-06-01
Prod_23,279,Error,
Prod_3,240,FALLO,
Prod_3,314,Terminado,2026-06-01
Prod_39,389,Error,2026-06-05
Prod_37,417,Ok,2026-06-05
Prod_3,235,Pendiente,
Prod_2,69,FALLO,
Prod_12,237,Ok,2026-06-05
Prod_31,421,Ok,
Prod_31,417,FALLO,
Prod_33,347,Pendiente,
Prod_13,463,Error,
Prod_29,275,Terminado,2026-06-01
Prod_25,412,ok,
Prod_43,52,Ok,2026-06-05
Prod_14,177,Terminado,2026-06-05
Prod_5,318,ok,2026-06-05
Prod_7,204,FALLO,2026-06-01
Prod_10,338,ok,2026-06-05
Prod_5,392,Pendiente,2026-06-01
Prod_41,375,Pendiente,
Prod_13,261,FALLO,2026-06-01
Prod_36,469,Error,2026-06-01
Prod_41,204,Ok,
Prod_10,193,FALLO,2026-06-01
Prod_34,12,FALLO,2026-06-01
Prod_24,347,Terminado,
Prod_12,352,ok,2026-06-05
Prod_21,459,ok,
Prod_35,266,Terminado,2026-06-01
Prod_37,491,FALLO,2026-06-05
Prod_35,306,Terminado,2026-06-05
Prod_37,411,Terminado,
Prod_14,185,Error,2026-06-05
Prod_35,162,Ok,2026-06-05
Prod_17,113,Pendiente,2026-06-05
Prod_29,202,ok,
Prod_15,427,Pendiente,2026-06-01
Prod_39,83,Ok,2026-06-01
Prod_27,75,Ok,
Prod_5,393,Terminado,
Prod_17,177,FALLO,
Prod_32,122,Pendiente,2026-06-05
Prod_8,366,Ok,2026-06-05
Prod_6,54,FALLO,2026-06-01
Prod_14,282,FALLO,
Prod_13,491,Terminado,2026-06-01
Prod_17,19,FALLO,
Prod_15,177,Terminado,2026-06-05
Prod_23,242,Error,2026-06-01
Prod_19,314,Ok,2026-06-05
Prod_26,391,Ok,2026-06-01
Prod_2,496,Pendiente,2026-06-01
Prod_13,345,Terminado,2026-06-05
Prod_49,154,FALLO,
Prod_8,428,Error,
Prod_25,99,Pendiente,2026-06-01
Prod_16,123,Pendiente,2026-06-01
Prod_3,26,Error,2026-06-05
Prod_6,329,FALLO,
Prod_42,110,Pendiente,
Prod_34,39,Ok,2026-06-01
Prod_22,252,ok,2026-06-05
Prod_46,342,Ok,2026-06-05
Prod_15,303,Error,2026-06-01
Prod_17,100,Ok,2026-06-01
Prod_45,196,Error,2026-06-01
Prod_50,250,FALLO,
Prod_18,221,Error,2026-06-01
Prod_7,175,Ok,
Prod_20,337,Pendiente,2026-06-05
Prod_49,291,FALLO,2026-06-01
Prod_36,304,Pendiente,2026-06-05
Prod_37,214,ok,2026-06-05
Prod_23,463,ok,2026-06-01
Prod_40,409,Pendiente,2026-06-01
Prod_25,385,ok,
Prod_4,378,ok,2026-06-05
Prod_13,356,Pendiente,
Prod_24,270,Error,2026-06-05
Prod_29,62,FALLO,2026-06-01
Prod_6,195,Ok,2026-06-05
Prod_4,216,Error,2026-06-01
Prod_25,305,Terminado,2026-06-05
Prod_37,112,FALLO,2026-06-05
Prod_23,45,Terminado,
Prod_45,349,Ok,2026-06-01
Prod_43,89,ok,2026-06-05
Prod_9,77,Terminado,2026-06-05
Prod_13,363,Error,2026-06-05
Prod_12,82,FALLO,2026-06-01
Prod_25,492,Terminado,2026-06-01
Prod_22,464,ok,2026-06-05
Prod_18,177,Pendiente,2026-06-05
Prod_4,424,FALLO,
Prod_49,427,Error,2026-06-01
Prod_6,409,Error,2026-06-05
Prod_16,305,ok,
Prod_38,224,Terminado,2026-06-01
Prod_50,151,ok,
Prod_39,417,Terminado,2026-06-01
Prod_15,13,Terminado,2026-06-01
Prod_8,167,Ok,2026-06-05
Prod_23,342,Error,
Prod_10,496,Error,
Prod_11,57,Error,2026-06-05
Prod_31,239,Pendiente,
Prod_27,353,Error,
Prod_25,268,FALLO,
Prod_9,396,Pendiente,2026-06-05
Prod_2,22,Ok,
Prod_3,416,Terminado,
Prod_19,470,Error,
Prod_43,246,Ok,2026-06-01
Prod_44,373,ok,2026-06-01
Prod_22,465,Pendiente,2026-06-05
Prod_46,488,ok,
Prod_5,442,FALLO,
Prod_11,64,Error,2026-06-05
Prod_30,321,Pendiente,
Prod_36,247,ok,
Prod_50,350,ok,2026-06-05
Prod_33,98,ok,2026-06-01
Prod_27,292,Pendiente,
Prod_28,208,Error,
Prod_47,197,Ok,2026-06-05
Prod_10,322,Ok,2026-06-01
Prod_8,139,ok,2026-06-01
Prod_45,82,ok,2026-06-05
Prod_34,288,ok,2026-06-01
Prod_34,470,Terminado,
Prod_40,385,Terminado,
Prod_39,290,Ok,
Prod_4,371,Pendiente,
Prod_50,81,Terminado,2026-06-05
Prod_33,153,Pendiente,2026-06-01
Prod_47,248,Terminado,
Prod_28,213,Error,2026-06-01
Prod_16,343,ok,2026-06-05
Prod_18,399,Error,2026-06-05
Prod_14,366,FALLO,
Prod_37,108,FALLO,2026-06-01
Prod_35,48,FALLO,2026-06-05
Prod_31,63,Error,2026-06-01
Prod_22,499,Pendiente,
Prod_28,361,ok,2026-06-05
Prod_21,398,Ok,2026-06-01
Prod_46,333,Pendiente,
Prod_22,181,Ok,
Prod_28,385,FALLO,2026-06-05
Prod_37,141,Ok,2026-06-05
Prod_43,299,FALLO,2026-06-01
Prod_44,395,Error,2026-06-05
Prod_7,140,Ok,
Prod_33,388,FALLO,2026-06-01
Prod_36,291,Terminado,2026-06-01
Prod_14,294,Terminado,2026-06-05
Prod_35,316,FALLO,2026-06-05
Prod_39,436,FALLO,
Prod_36,112,Ok,
Prod_34,242,ok,2026-06-01
Prod_18,281,Terminado,2026-06-01
Prod_2,286,Terminado,
Prod_15,120,Pendiente,
Prod_28,215,ok,2026-06-05
Prod_43,411,FALLO,2026-06-05
Prod_24,145,Ok,2026-06-05
Prod_7,457,FALLO,
Prod_28,82,ok,2026-06-01
Prod_19,420,Error,2026-06-05
Prod_25,96,FALLO,2026-06-01
Prod_24,265,Terminado,
Prod_45,396,FALLO,2026-06-01
Prod_36,38,Pendiente,2026-06-01
Prod_46,30,FALLO,2026-06-05
Prod_9,302,ok,2026-06-01
Prod_29,342,FALLO,
Prod_45,364,Error,2026-06-01
Prod_45,303,FALLO,
Prod_48,16,Error,2026-06-05
Prod_14,484,Pendiente,
Prod_15,154,ok,2026-06-05
Prod_13,60,Ok,
Prod_38,392,FALLO,2026-06-05
Prod_2,91,Terminado,2026-06-01
Prod_30,193,ok,2026-06-01
Prod_40,388,Error,2026-06-01
Prod_4,102,FALLO,
Prod_22,190,Pendiente,2026-06-05
Prod_20,64,Error,2026-06-01
Prod_3,429,ok,2026-06-05
Prod_39,296,ok,2026-06-01
Prod_33,95,Ok,2026-06-01
Prod_29,96,Pendiente,
Prod_17,248,FALLO,2026-06-01
Prod_13,32,FALLO,2026-06-01
Prod_27,335,Error,2026-06-01
Prod_38,249,Terminado,
Prod_47,129,Error,2026-06-05
Prod_13,203,Error,2026-06-05
Prod_41,351,Terminado,2026-06-01
Prod_24,358,Terminado,2026-06-05
Prod_15,109,Pendiente,2026-06-01
Prod_20,464,Error,
Prod_47,199,Terminado,2026-06-05
Prod_36,62,FALLO,2026-06-05
Prod_9,467,Terminado,2026-06-05
Prod_25,231,Error,2026-06-01
Prod_17,10,FALLO,2026-06-05
Prod_20,27,Error,2026-06-01
Prod_13,387,Terminado,
Prod_21,161,FALLO,2026-06-01
Prod_6,32,ok,
Prod_14,194,Error,
Prod_43,437,ok,2026-06-01
Prod_13,206,Error,
Prod_33,330,ok,2026-06-01
Prod_20,370,Terminado,2026-06-05
Prod_48,228,FALLO,2026-06-05
Prod_30,426,FALLO,2026-06-05
Prod_39,479,Error,2026-06-05
Prod_8,203,ok,2026-06-05
Prod_30,337,Pendiente,
Prod_11,199,FALLO,2026-06-01
Prod_40,259,FALLO,
Prod_29,394,Error,
Prod_39,40,Error,2026-06-01
Prod_38,13,Pendiente,
Prod_49,19,Terminado,2026-06-01
Prod_17,229,Pendiente,
Prod_23,225,Error,2026-06-05
Prod_9,188,Ok,2026-06-05
Prod_19,90,FALLO,2026-06-05
Prod_47,331,FALLO,
Prod_25,30,Ok,2026-06-05
Prod_50,475,ok,
Prod_15,381,FALLO,2026-06-05
Prod_40,166,FALLO,2026-06-05
Prod_48,271,ok,2026-06-01
Prod_11,303,ok,
Prod_2,223,ok,2026-06-05
Prod_19,162,Ok,
Prod_37,167,Terminado,2026-06-05
Prod_13,414,FALLO,2026-06-05
Prod_32,237,Ok,2026-06-01
Prod_22,458,ok,2026-06-05
Prod_23,334,Ok,2026-06-01
Prod_14,127,Error,
Prod_19,10,Error,
Prod_7,496,FALLO,2026-06-01
Prod_32,94,Pendiente,2026-06-01
Prod_19,98,FALLO,
Prod_2,87,ok,2026-06-05
Prod_41,114,FALLO,2026-06-01
Prod_31,79,ok,2026-06-05
Prod_6,114,ok,
Prod_27,134,Terminado,2026-06-01
Prod_4,16,Ok,2026-06-05
Prod_36,402,Error,
Prod_36,412,FALLO,2026-06-05
Prod_47,470,ok,2026-06-01
Prod_20,166,Pendiente,
Prod_2,352,ok,2026-06-05
Prod_19,197,FALLO,2026-06-01
Prod_15,263,FALLO,2026-06-05
Prod_18,191,Ok,
Prod_50,348,ok,2026-06-05
Prod_13,339,Pendiente,
Prod_6,280,ok,
Prod_36,88,Error,
Prod_9,74,FALLO,2026-06-01
Prod_27,44,ok,2026-06-05
Prod_29,243,Pendiente,
Prod_39,172,ok,
Prod_21,294,Terminado,2026-06-05
Prod_17,179,FALLO,2026-06-01
Prod_9,460,ok,2026-06-01
Prod_19,63,FALLO,2026-06-05
Prod_49,385,Error,2026-06-05
Prod_48,174,Pendiente,2026-06-01
Prod_15,423,ok,
Prod_5,302,Error,
Prod_38,348,ok,2026-06-05
Prod_33,218,Error,
Prod_26,213,Error,2026-06-01
Prod_15,378,Terminado,2026-06-01
Prod_23,295,FALLO,
Prod_21,350,Ok,
Prod_7,66,FALLO,
Prod_4,162,FALLO,
Prod_41,53,FALLO,2026-06-01
Prod_43,125,Terminado,
Prod_36,108,Terminado,2026-06-05
Prod_4,309,FALLO,
Prod_43,162,ok,2026-06-01
Prod_9,181,Ok,2026-06-01
Prod_12,311,Error,
Prod_40,360,FALLO,2026-06-01
Prod_28,286,ok,
Prod_10,348,ok,2026-06-01
Prod_37,488,Error,2026-06-01
Prod_12,232,FALLO,2026-06-05
Prod_9,443,Error,2026-06-05
Prod_35,159,ok,2026-06-05
Prod_38,237,Error,
Prod_45,404,Pendiente,2026-06-05
Prod_37,346,Pendiente,2026-06-01
Prod_49,175,Pendiente,2026-06-05
Prod_40,455,Ok,2026-06-05
Prod_43,333,FALLO,2026-06-05
Prod_28,250,Pendiente,2026-06-01
Prod_17,26,Error,2026-06-05
Prod_20,184,Pendiente,2026-06-01
Prod_25,327,FALLO,
Prod_29,197,Error,2026-06-01
Prod_49,386,Pendiente,2026-06-05
Prod_21,290,ok,2026-06-05
Prod_7,442,FALLO,2026-06-05
Prod_35,103,Ok,2026-06-05
Prod_15,54,Error,
Prod_22,474,Pendiente,
Prod_23,264,Ok,
Prod_13,114,Terminado,2026-06-05
Prod_31,153,Ok,2026-06-01
Prod_30,451,FALLO,2026-06-05
Prod_34,345,Pendiente,2026-06-05
Prod_36,47,Error,
Prod_35,234,Terminado,2026-06-05
Prod_14,262,Error,2026-06-05
Prod_45,113,Ok,2026-06-05
Prod_32,439,Terminado,
Prod_39,336,Pendiente,2026-06-01
Prod_23,188,Pendiente,2026-06-01
Prod_37,476,Pendiente,2026-06-05
Prod_10,167,Ok,2026-06-01
Prod_34,411,Ok,2026-06-05
Prod_25,455,Error,2026-06-01
Prod_10,139,Error,
Prod_16,291,ok,2026-06-05
Prod_22,470,FALLO,2026-06-01
Prod_42,56,ok,2026-06-05
Prod_30,16,Pendiente,
Prod_21,200,Pendiente,2026-06-05
Prod_43,188,Error,2026-06-05
Prod_41,208,Pendiente,2026-06-05
Prod_16,228,Terminado,
Prod_6,213,Ok,2026-06-01
Prod_2,114,Pendiente,2026-06-01
Prod_36,124,Pendiente,
Prod_11,159,Ok,2026-06-01
Prod_27,144,Ok,2026-06-05
Prod_40,428,Pendiente,2026-06-05
Prod_3,156,Ok,
Prod_38,495,ok,
Prod_20,338,ok,2026-06-01
Prod_37,365,ok,
Prod_33,204,Ok,
Prod_3,202,Terminado,2026-06-05
Prod_1,378,Pendiente,2026-06-05
Prod_13,49,Pendiente,2026-06-05
Prod_19,453,Pendiente,2026-06-05
Prod_13,21,Terminado,2026-06-05
Prod_20,207,FALLO,2026-06-05
Prod_40,457,ok,
Prod_2,141,Error,2026-06-05
Prod_50,288,ok,2026-06-01
Prod_39,156,Error,2026-06-01
Prod_39,172,ok,2026-06-01
Prod_16,46,Pendiente,2026-06-05
Prod_28,368,Error,2026-06-01
Prod_46,401,Pendiente,2026-06-01
Prod_12,93,Pendiente,2026-06-01
Prod_19,303,Error,
Prod_30,455,ok,2026-06-01
Prod_1,258,FALLO,
Prod_4,482,Pendiente,
Prod_49,496,ok,2026-06-05
Prod_49,473,FALLO,
Prod_30,274,ok,2026-06-01
Prod_11,410,Pendiente,
Prod_40,103,Ok,2026-06-05
Prod_6,409,Pendiente,2026-06-01
Prod_43,444,Error,2026-06-01
Prod_43,280,Ok,
Prod_45,19,Error,2026-06-01
Prod_1,472,Error,2026-06-05
Prod_25,231,Terminado,2026-06-01
Prod_16,379,FALLO,2026-06-05
Prod_23,53,Terminado,
Prod_32,65,Ok,
Prod_29,329,ok,2026-06-01
Prod_50,321,FALLO,2026-06-01
Prod_47,347,FALLO,
Prod_31,281,Error,
Prod_30,258,Pendiente,2026-06-05
Prod_49,208,Terminado,2026-06-05
Prod_22,448,Terminado,2026-06-01
Prod_35,179,Error,
Prod_40,118,Pendiente,2026-06-01
Prod_28,142,Ok,2026-06-01
Prod_30,453,Terminado,2026-06-05
Prod_50,48,Pendiente,2026-06-01
Prod_10,462,Error,
Prod_9,20,Pendiente,2026-06-01
Prod_1,248,FALLO,
Prod_29,492,Error,
Prod_3,163,ok,
Prod_32,280,Terminado,2026-06-05
Prod_33,235,FALLO,2026-06-01
Prod_9,400,FALLO,2026-06-01
Prod_18,446,Terminado,
Prod_35,290,Terminado,
Prod_19,35,Ok,2026-06-01
Prod_27,53,Ok,2026-06-05
Prod_20,207,Terminado,
Prod_6,239,Error,
Prod_6,478,Error,
Prod_17,358,Ok,
Prod_40,288,Ok,
Prod_39,286,FALLO,
Prod_34,103,Pendiente,
Prod_38,104,Error,2026-06-05
Prod_11,368,Error,2026-06-05
Prod_9,22,ok,2026-06-01
Prod_43,17,Ok,2026-06-05
Prod_1,84,ok,2026-06-05
Prod_27,361,Error,2026-06-01
Prod_11,392,ok,2026-06-01
Prod_18,468,FALLO,2026-06-01
Prod_50,431,Error,2026-06-01
Prod_36,353,ok,
Prod_30,320,Ok,
Prod_48,304,Error,2026-06-01
Prod_23,356,FALLO,2026-06-01
Prod_20,42,Ok,2026-06-01
Prod_27,463,Error,
Prod_15,296,FALLO,
Prod_3,486,Terminado,
Prod_34,432,Pendiente,
Prod_27,139,Error,
Prod_2,340,Pendiente,2026-06-01
Prod_31,460,FALLO,2026-06-05
Prod_31,443,Terminado,
Prod_14,294,Pendiente,2026-06-05
Prod_35,238,FALLO,2026-06-05
Prod_20,35,ok,
Prod_13,21,Pendiente,2026-06-05
Prod_8,237,FALLO,2026-06-01
Prod_46,25,Ok,
Prod_43,465,ok,2026-06-05
Prod_9,304,Terminado,
Prod_12,55,Terminado,
Prod_28,490,FALLO,2026-06-01
Prod_14,214,ok,2026-06-01
Prod_49,126,Error,
Prod_19,491,Terminado,2026-06-01
Prod_44,51,Error,2026-06-05
Prod_28,376,FALLO,2026-06-01
Prod_37,62,Terminado,
Prod_39,68,FALLO,
Prod_5,473,Terminado,
Prod_23,106,ok,
Prod_18,59,Pendiente,
Prod_39,239,Error,2026-06-05
Prod_39,154,Error,2026-06-01
Prod_44,141,ok,2026-06-05
Prod_36,389,Error,2026-06-05
Prod_43,239,Error,2026-06-05
Prod_8,28,ok,2026-06-01
Prod_27,436,Pendiente,2026-06-05
Prod_11,140,Pendiente,2026-06-05
Prod_18,303,FALLO,2026-06-05
Prod_4,264,Terminado,2026-06-01
Prod_32,291,Error,
Prod_15,265,FALLO,2026-06-01
Prod_14,282,FALLO,2026-06-01
Prod_27,18,Terminado,
Prod_46,304,ok,
Prod_25,448,ok,
Prod_41,237,FALLO,2026-06-05
Prod_8,173,Terminado,
Prod_48,70,Terminado,2026-06-01
Prod_9,34,Error,2026-06-05
Prod_12,177,FALLO,
Prod_24,497,Pendiente,
Prod_25,149,Terminado,2026-06-01
Prod_39,175,Pendiente,2026-06-05
Prod_9,190,Error,2026-06-01
Prod_28,133,Error,2026-06-01
Prod_42,301,Ok,2026-06-01
Prod_7,333,Ok,
Prod_46,19,Ok,2026-06-05
Prod_8,40,Error,
Prod_25,168,ok,2026-06-01
Prod_30,450,Ok,2026-06-05
Prod_46,349,ok,2026-06-01
Prod_18,352,Error,2026-06-01
Prod_3,414,Terminado,2026-06-01
Prod_18,118,FALLO,2026-06-01
Prod_44,243,Error,
Prod_17,40,Ok,2026-06-05
Prod_21,434,FALLO,2026-06-01
Prod_22,86,ok,2026-06-05
Prod_42,197,Ok,
Prod_20,124,Pendiente,2026-06-05
Prod_44,283,Error,2026-06-01
Prod_38,372,ok,2026-06-01
Prod_32,322,Terminado,2026-06-01
Prod_17,148,ok,
Prod_14,495,Error,
Prod_26,46,Terminado,
Prod_33,134,ok,2026-06-05
Prod_50,110,Error,
Prod_38,57,Ok,
Prod_15,331,FALLO,2026-06-05
Prod_37,200,Error,2026-06-01
Prod_32,192,Terminado,2026-06-05
Prod_36,161,Ok,2026-06-01
Prod_6,79,ok,2026-06-05
Prod_17,280,Pendiente,2026-06-01
Prod_21,388,ok,2026-06-01
Prod_22,78,Terminado,2026-06-05
Prod_41,396,Pendiente,
Prod_40,349,Pendiente,2026-06-01
Prod_27,386,Terminado,2026-06-01
Prod_40,370,FALLO,
Prod_23,490,Pendiente,2026-06-01
Prod_8,489,Ok,2026-06-05
Prod_46,335,Ok,2026-06-05
Prod_21,439,Ok,
Prod_22,220,Terminado,
Prod_15,421,Pendiente,
Prod_3,445,Pendiente,
Prod_44,360,Error,
Prod_8,447,FALLO,2026-06-05
Prod_20,223,ok,2026-06-01
Prod_35,416,ok,2026-06-05
Prod_18,27,FALLO,
Prod_23,425,ok,2026-06-05
Prod_22,46,Pendiente,2026-06-05
Prod_49,352,ok,2026-06-01
Prod_44,157,FALLO,2026-06-01
Prod_32,148,Pendiente,2026-06-01
Prod_9,59,Terminado,2026-06-01
Prod_47,68,FALLO,2026-06-01
Prod_42,178,Ok,
Prod_39,404,Terminado,
Prod_5,83,Ok,
Prod_25,253,Pendiente,2026-06-01
Prod_13,75,Pendiente,2026-06-05
Prod_46,237,Pendiente,2026-06-01
Prod_6,56,Ok,2026-06-01
Prod_31,21,ok,2026-06-01
Prod_14,268,FALLO,
Prod_41,17,Error,2026-06-05
Prod_6,471,FALLO,2026-06-01
Prod_40,345,Ok,2026-06-01
Prod_32,429,FALLO,
Prod_12,211,Error,
Prod_32,352,Ok,
Prod_45,52,Terminado,2026-06-05
Prod_30,126,Pendiente,2026-06-01
Prod_43,477,Terminado,
Prod_40,327,Terminado,2026-06-01
Prod_10,37,Terminado,2026-06-05
Prod_13,61,Error,
Prod_23,102,ok,2026-06-05
Prod_46,172,Error,
Prod_26,39,Pendiente,
Prod_3,176,FALLO,2026-06-05
Prod_36,64,Terminado,2026-06-01
Prod_1,54,Terminado,2026-06-01
Prod_35,471,Ok,2026-06-05
Prod_50,477,Terminado,2026-06-05
Prod_30,123,ok,2026-06-05
Prod_41,109,Pendiente,
Prod_8,109,Error,
Prod_12,166,Ok,
Prod_16,47,Terminado,2026-06-01
Prod_22,254,Ok,2026-06-01
Prod_37,103,FALLO,2026-06-01
Prod_20,241,Error,2026-06-05
Prod_37,237,ok,2026-06-05
Prod_15,463,ok,
Prod_20,102,ok,2026-06-05
Prod_25,225,Pendiente,2026-06-05
Prod_49,82,Ok,
Prod_31,497,Ok,2026-06-01
Prod_36,59,Error,2026-06-05
Prod_3,259,Ok,
Prod_44,465,ok,2026-06-01
Prod_13,87,Ok,
Prod_25,56,Error,2026-06-01
Prod_47,230,Pendiente,2026-06-05
Prod_24,54,Ok,
Prod_37,22,Error,
Prod_22,86,Pendiente,2026-06-05
Prod_1,411,Terminado,2026-06-05
Prod_6,261,Ok,2026-06-05
Prod_38,345,FALLO,
Prod_17,210,FALLO,2026-06-05
Prod_1,22,Ok,
Prod_8,222,ok,2026-06-01
Prod_21,37,ok,2026-06-01
Prod_9,134,Error,2026-06-01
Prod_31,228,Terminado,2026-06-01
Prod_40,53,Pendiente,2026-06-01
Prod_18,186,Ok,
Prod_32,365,ok,2026-06-05
Prod_2,101,Terminado,
Prod_19,30,Pendiente,
Prod_41,457,Pendiente,2026-06-01
Prod_11,488,Terminado,2026-06-01
Prod_22,185,Ok,2026-06-05
Prod_37,85,Ok,2026-06-05
Prod_44,475,Error,
Prod_47,95,ok,2026-06-01
Prod_50,24,Pendiente,2026-06-01
Prod_13,139,ok,2026-06-05
Prod_23,418,Pendiente,2026-06-05
Prod_23,108,Error,2026-06-05
Prod_28,315,Terminado,2026-06-01
Prod_49,81,ok,2026-06-01
Prod_6,149,FALLO,2026-06-05
Prod_44,189,Terminado,2026-06-01
Prod_46,189,Pendiente,2026-06-01
Prod_4,491,FALLO,
Prod_37,259,ok,
Prod_1,111,Pendiente,
Prod_41,455,FALLO,2026-06-01
Prod_32,290,Error,
Prod_47,269,Error,2026-06-05
Prod_29,45,Terminado,2026-06-05
Prod_39,448,Error,2026-06-05
Prod_38,468,Terminado,2026-06-05
Prod_33,325,Ok,2026-06-05
Prod_30,340,Ok,2026-06-05
Prod_36,168,Error,
Prod_38,27,ok,2026-06-01
Prod_7,64,ok,
Prod_11,201,FALLO,2026-06-05
Prod_7,485,FALLO,
Prod_48,61,Terminado,2026-06-05
Prod_29,412,FALLO,2026-06-05
Prod_26,177,FALLO,2026-06-01
Prod_48,300,Pendiente,2026-06-01
Prod_32,242,Pendiente,
Prod_27,170,Ok,
Prod_9,205,Error,
Prod_21,64,Pendiente,
Prod_6,69,Ok,2026-06-05
Prod_45,320,FALLO,
Prod_48,365,Terminado,2026-06-05
Prod_40,372,FALLO,
Prod_9,14,Pendiente,2026-06-05
Prod_8,475,FALLO,
Prod_32,240,Error,2026-06-05
Prod_36,477,FALLO,2026-06-01
Prod_25,312,ok,2026-06-01
Prod_6,305,ok,2026-06-01
Prod_23,316,Terminado,2026-06-05
Prod_23,186,Ok,
Prod_15,464,Error,
Prod_35,131,ok,2026-06-05
Prod_13,389,FALLO,2026-06-05
Prod_15,452,ok,2026-06-01
Prod_50,490,Pendiente,2026-06-01
Prod_25,126,ok,
Prod_8,163,Terminado,2026-06-01
Prod_39,155,ok,2026-06-05
Prod_3,302,Error,2026-06-01
Prod_14,103,FALLO,2026-06-01
Prod_36,259,ok,
Prod_46,351,ok,2026-06-05
Prod_12,250,Pendiente,2026-06-05
Prod_4,325,Pendiente,2026-06-05
Prod_29,44,FALLO,
Prod_13,87,Pendiente,2026-06-05
Prod_24,113,Error,2026-06-01
Prod_27,106,Error,
Prod_27,149,Ok,2026-06-05
Prod_18,204,Terminado,2026-06-05
Prod_39,106,ok,
Prod_14,47,Pendiente,2026-06-01
Prod_15,156,Terminado,
Prod_35,145,Terminado,2026-06-05
Prod_37,43,Terminado,
Prod_2,378,Terminado,
Prod_50,394,ok,
Prod_9,451,Pendiente,2026-06-01
Prod_16,117,ok,
Prod_9,465,FALLO,2026-06-05
Prod_21,190,Pendiente,2026-06-01
Prod_32,35,Ok,2026-06-01
Prod_14,418,Ok,2026-06-01
Prod_8,38,Terminado,
Prod_10,132,Error,
Prod_29,201,Error,2026-06-01
Prod_27,311,FALLO,2026-06-01
Prod_26,98,Terminado,2026-06-05
Prod_34,256,FALLO,2026-06-05
Prod_38,14,ok,
Prod_45,80,ok,
Prod_24,424,Ok,
Prod_2,57,FALLO,
Prod_29,366,Error,
Prod_21,354,Pendiente,2026-06-05
Prod_48,354,Error,2026-06-05
Prod_40,413,Pendiente,
Prod_29,72,Ok,2026-06-01
Prod_12,342,ok,2026-06-05
Prod_37,200,Ok,2026-06-01
Prod_28,101,Terminado,
Prod_22,89,Pendiente,
Prod_11,470,Pendiente,2026-06-05
Prod_29,76,Error,
Prod_19,157,Terminado,2026-06-01
Prod_42,387,Terminado,2026-06-01
Prod_6,431,FALLO,2026-06-05
Prod_26,373,Ok,
Prod_45,384,Ok,
Prod_30,420,Pendiente,2026-06-01
Prod_22,73,ok,2026-06-01
Prod_50,378,Terminado,2026-06-05
Prod_31,456,Error,2026-06-05
Prod_28,326,Pendiente,2026-06-05
Prod_8,269,Pendiente,
Prod_29,495,Error,2026-06-05
Prod_13,473,Error,2026-06-05
Prod_22,101,FALLO,2026-06-01
Prod_2,335,Terminado,
Prod_47,281,Ok,2026-06-05
Prod_44,460,Pendiente,2026-06-01
Prod_13,218,Terminado,
Prod_34,96,Terminado,
Prod_25,417,Terminado,2026-06-05
Prod_30,70,Pendiente,2026-06-05
Prod_30,61,Ok,2026-06-05
Prod_31,131,Ok,2026-06-05
Prod_26,148,ok,
Prod_3,289,Ok,2026-06-01
Prod_29,215,Ok,2026-06-05
Prod_34,433,Terminado,2026-06-05
Prod_23,445,Terminado,
Prod_25,497,Error,2026-06-05
Prod_48,61,ok,2026-06-01
Prod_24,98,Pendiente,2026-06-05
Prod_48,356,Ok,
Prod_44,27,Error,2026-06-01
Prod_1,488,Pendiente,2026-06-01
Prod_3,283,Terminado,2026-06-01
Prod_24,407,Terminado,
Prod_17,191,Ok,2026-06-01
Prod_6,346,FALLO,
Prod_47,328,FALLO,2026-06-05
Prod_48,181,Ok,
Prod_34,89,ok,2026-06-01
Prod_26,151,ok,2026-06-01
Prod_13,15,Error,
Prod_26,376,ok,2026-06-05
Prod_49,372,Terminado,
Prod_37,167,FALLO,2026-06-05
Prod_13,190,Error,2026-06-05
Prod_10,232,FALLO,2026-06-05
Prod_13,438,Ok,
Prod_46,416,Terminado,
Prod_3,248,ok,2026-06-05
Prod_44,309,ok,2026-06-05
Prod_4,290,Error,2026-06-05
Prod_19,41,Terminado,2026-06-05
Prod_19,204,ok,2026-06-05
Prod_15,416,Error,2026-06-01
Prod_44,499,Error,2026-06-05
Prod_2,493,Error,
Prod_6,353,Error,2026-06-05
Prod_25,252,Terminado,
Prod_44,371,FALLO,2026-06-05
Prod_30,365,ok,
Prod_11,484,ok,
Prod_17,16,Pendiente,
Prod_12,196,ok,2026-06-01
Prod_42,233,Terminado,2026-06-01
Prod_24,77,ok,
Prod_8,237,Ok,
Prod_24,369,FALLO,2026-06-01
Prod_38,82,ok,
Prod_24,226,Error,
Prod_34,194,Error,2026-06-05
Prod_49,85,Terminado,2026-06-05
Prod_10,423,Error,2026-06-05
Prod_19,242,Ok,2026-06-01
Prod_24,187,FALLO,2026-06-05
Prod_36,248,Pendiente,2026-06-05
Prod_16,61,FALLO,2026-06-05
Prod_33,97,FALLO,2026-06-01
Prod_43,379,Error,2026-06-01
Prod_7,334,Error,2026-06-05
Prod_49,210,Error,2026-06-01
Prod_46,339,Terminado,2026-06-01
Prod_10,306,Error,2026-06-05
Prod_44,389,Ok,2026-06-01
Prod_23,387,Pendiente,
Prod_20,379,Terminado,2026-06-05
Prod_43,458,Pendiente,
Prod_49,186,ok,2026-06-05
Prod_1,238,Terminado,2026-06-01
Prod_43,229,ok,2026-06-01
Prod_27,306,Terminado,2026-06-01
Prod_11,322,ok,2026-06-05
Prod_28,325,Error,2026-06-01
Prod_49,448,Ok,2026-06-05
Prod_6,306,Error,2026-06-01
Prod_39,175,Pendiente,
Prod_10,88,Error,2026-06-01
Prod_42,172,Error,2026-06-05
Prod_26,401,ok,2026-06-01
Prod_44,449,Ok,
Prod_13,246,Pendiente,
Prod_25,211,FALLO,
Prod_8,248,FALLO,2026-06-05
Prod_25,423,ok,2026-06-05
Prod_41,148,Error,2026-06-05
Prod_50,311,Terminado,2026-06-01
Prod_5,260,Ok,
Prod_38,45,FALLO,2026-06-01
Prod_8,292,Terminado,2026-06-01
Prod_7,118,Pendiente,2026-06-05
Prod_47,471,Ok,2026-06-01
Prod_5,401,Terminado,2026-06-01
Prod_36,436,Ok,2026-06-05
Prod_22,191,FALLO,2026-06-05
Prod_15,348,Error,2026-06-01
Prod_2,303,Ok,2026-06-01
Prod_37,289,Error,2026-06-01
Prod_37,62,Pendiente,2026-06-01
Prod_27,319,FALLO,
Prod_47,422,ok,
Prod_24,372,FALLO,2026-06-01
Prod_16,310,Terminado,2026-06-01
Prod_30,208,Terminado,2026-06-01
Prod_29,320,Pendiente,2026-06-05
Prod_9,423,ok,
Prod_38,67,Terminado,2026-06-01
Prod_45,411,Terminado,2026-06-01
Prod_3,215,Pendiente,2026-06-05
Prod_5,423,Error,
Prod_9,74,ok,2026-06-05
Prod_22,431,FALLO,2026-06-05
Prod_38,224,Terminado,2026-06-05
Prod_22,396,ok,2026-06-05
Prod_32,366,ok,2026-06-01
Prod_36,320,Ok,2026-06-05
Prod_13,480,Error,
Prod_17,198,FALLO,2026-06-05
Prod_22,211,ok,2026-06-05
Prod_6,242,Ok,2026-06-01
Prod_37,84,Error,2026-06-05
Prod_1,372,Pendiente,
Prod_22,47,Terminado,2026-06-05
Prod_44,291,ok,2026-06-05
Prod_8,41,ok,2026-06-01
Prod_43,306,ok,2026-06-01
Prod_49,323,ok,
Prod_6,307,Ok,2026-06-01
Prod_4,183,Error,2026-06-01
Prod_5,142,Ok,2026-06-01
Prod_2,486,Terminado,2026-06-05
Prod_40,400,Terminado,2026-06-01
Prod_39,61,Ok,2026-06-05
Prod_38,438,Pendiente,2026-06-01
Prod_25,447,FALLO,2026-06-01
Prod_26,134,Pendiente,
Prod_34,337,Pendiente,
Prod_47,347,Terminado,2026-06-05
Prod_16,232,Error,
Prod_38,339,Terminado,
Prod_40,144,Error,2026-06-05
Prod_5,435,Pendiente,2026-06-05
Prod_37,432,FALLO,2026-06-05
Prod_50,177,Terminado,2026-06-05
Prod_16,497,Ok,2026-06-01
Prod_21,258,FALLO,2026-06-01
Prod_40,474,Terminado,2026-06-05
Prod_37,128,Error,2026-06-05
Prod_3,221,Error,2026-06-01
Prod_10,162,Ok,2026-06-05
Prod_14,488,ok,2026-06-01
Prod_41,172,Pendiente,2026-06-01
Prod_41,308,Terminado,
Prod_4,153,Ok,2026-06-01
Prod_5,427,FALLO,2026-06-01
Prod_36,300,Error,2026-06-05
Prod_15,164,Terminado,2026-06-01
Prod_14,487,ok,
Prod_25,156,Terminado,2026-06-05
Prod_18,22,Error,
Prod_27,428,Pendiente,2026-06-01
Prod_6,376,ok,2026-06-05
Prod_32,398,Error,
Prod_23,495,Pendiente,
Prod_48,483,Ok,
Prod_14,285,ok,2026-06-01
Prod_10,449,Pendiente,2026-06-05
Prod_44,130,Ok,2026-06-05
Prod_20,390,Ok,2026-06-01
Prod_28,52,Error,2026-06-01
Prod_34,326,Ok,
Prod_25,42,Error,
Prod_3,185,Pendiente,
Prod_46,492,ok,
Prod_46,39,Ok,2026-06-01
Prod_46,307,Error,
Prod_37,19,Terminado,2026-06-05
Prod_33,209,ok,
Prod_31,33,Ok,
Prod_5,444,ok,2026-06-05
Prod_16,115,ok,
Prod_4,142,ok,
Prod_26,38,Pendiente,2026-06-01
Prod_27,490,Pendiente,2026-06-05
Prod_9,273,FALLO,2026-06-05
Prod_36,55,Pendiente,2026-06-01
Prod_39,200,FALLO,2026-06-01
Prod_12,492,FALLO,2026-06-05
Prod_14,358,FALLO,2026-06-01
Prod_40,347,FALLO,
Prod_50,98,Ok,
Prod_27,497,Ok,
Prod_27,170,Ok,2026-06-05
Prod_35,261,Terminado,2026-06-05
Prod_41,436,Error,2026-06-05
Prod_27,17,Pendiente,
Prod_46,238,Ok,2026-06-05
Prod_32,215,Error,2026-06-01
Prod_12,457,Terminado,
Prod_33,121,Pendiente,2026-06-05
Prod_35,273,FALLO,2026-06-01
Prod_40,396,Pendiente,2026-06-05
Prod_44,36,Terminado,2026-06-01
Prod_45,58,ok,2026-06-01
Prod_26,67,Error,2026-06-05
Prod_30,257,Ok,2026-06-05
Prod_10,105,FALLO,2026-06-05
Prod_49,127,Error,
Prod_37,423,FALLO,2026-06-05
Prod_27,311,Pendiente,2026-06-05
Prod_29,18,ok,2026-06-01
Prod_48,338,Pendiente,
Prod_44,287,ok,2026-06-01
Prod_10,58,Error,2026-06-05
Prod_45,235,Ok,
Prod_16,249,ok,2026-06-01
Prod_35,60,ok,2026-06-01
Prod_21,213,Ok,2026-06-05
Prod_17,179,Error,
Prod_23,25,FALLO,2026-06-05
Prod_12,172,Pendiente,2026-06-05
Prod_34,32,ok,2026-06-01
Prod_26,131,Error,
Prod_50,282,Pendiente,2026-06-01
Prod_36,205,Error,2026-06-01
Prod_43,229,Pendiente,
Prod_7,290,Ok,2026-06-05
Prod_10,337,Pendiente,2026-06-01
Prod_20,353,Error,2026-06-05
Prod_41,430,FALLO,2026-06-05
Prod_30,463,Error,
Prod_34,231,ok,
Prod_35,465,Terminado,2026-06-05
Prod_24,353,Ok,
Prod_43,473,ok,
Prod_32,127,Terminado,
Prod_13,64,ok,2026-06-01
Prod_36,316,Pendiente,2026-06-01
Prod_10,307,Pendiente,
Prod_13,483,FALLO,
Prod_23,54,Terminado,
Prod_25,78,Pendiente,2026-06-01
Prod_20,290,Terminado,2026-06-01
Prod_47,203,Ok,2026-06-01
Prod_11,297,Ok,2026-06-05
Prod_20,239,Ok,2026-06-01
Prod_29,264,Pendiente,2026-06-05
Prod_2,414,Pendiente,2026-06-01
Prod_49,292,FALLO,2026-06-01
Prod_29,107,Terminado,
Prod_44,120,Ok,2026-06-05
Prod_10,51,Ok,2026-06-05
Prod_36,397,Ok,2026-06-01
Prod_1,228,Pendiente,
Prod_32,119,Error,2026-06-05
Prod_27,137,Terminado,2026-06-01
Prod_10,251,Pendiente,2026-06-05
Prod_44,179,Error,
Prod_18,63,Ok,
Prod_35,66,Error,2026-06-01
Prod_46,359,Pendiente,
Prod_49,448,Terminado,2026-06-05
Prod_29,88,Pendiente,
Prod_9,350,Error,
Prod_19,54,Terminado,2026-06-01
Prod_47,308,Error,2026-06-01
Prod_31,108,FALLO,2026-06-05
Prod_27,161,Error,2026-06-05
Prod_11,256,Ok,
Prod_34,347,Terminado,2026-06-01
Prod_16,122,Error,2026-06-05
Prod_43,431,Terminado,2026-06-01
Prod_37,289,Error,2026-06-05
Prod_7,121,ok,2026-06-01
Prod_30,137,Ok,
Prod_31,191,Ok,2026-06-05
Prod_33,487,Pendiente,
Prod_36,400,ok,2026-06-01
Prod_34,140,Pendiente,2026-06-05
Prod_15,477,Terminado,2026-06-01
Prod_28,339,ok,2026-06-01
Prod_13,16,Ok,
Prod_30,102,Terminado,
Prod_48,499,Ok,2026-06-05
Prod_31,447,Ok,2026-06-05
Prod_36,289,Error,2026-06-05
Prod_22,279,ok,2026-06-01
Prod_39,330,Ok,
Prod_28,185,Pendiente,2026-06-05
Prod_35,331,ok,
Prod_31,188,ok,2026-06-01
Prod_32,147,FALLO,2026-06-01
Prod_26,358,Pendiente,2026-06-01
Prod_45,235,Pendiente,2026-06-05
Prod_36,437,FALLO,
Prod_45,432,Terminado,2026-06-05
Prod_19,145,FALLO,2026-06-01
Prod_8,302,Ok,
Prod_49,119,ok,2026-06-05
Prod_8,349,Pendiente,2026-06-01
Prod_42,436,Terminado,2026-06-01
Prod_35,367,Ok,2026-06-01
Prod_45,477,FALLO,2026-06-01
Prod_13,420,Terminado,2026-06-05
Prod_43,477,FALLO,
Prod_33,370,FALLO,
Prod_7,310,FALLO,
Prod_48,10,Error,2026-06-01
Prod_39,278,ok,2026-06-01
Prod_5,319,Ok,2026-06-05
Prod_3,288,Error,2026-06-05
Prod_12,212,FALLO,2026-06-05
Prod_15,333,FALLO,
Prod_29,266,Terminado,
Prod_32,361,Terminado,2026-06-01
Prod_12,167,Pendiente,2026-06-05
Prod_22,270,Ok,2026-06-05
Prod_37,413,Pendiente,
Prod_42,60,FALLO,
Prod_37,36,Ok,2026-06-05
Prod_9,490,ok,2026-06-01
Prod_29,441,ok,
Prod_23,150,Ok,
Prod_50,101,FALLO,2026-06-05
Prod_38,136,Error,2026-06-01
Prod_14,151,Pendiente,2026-06-05
Prod_49,412,Ok,2026-06-05
Prod_26,144,Ok,2026-06-05
Prod_11,174,Pendiente,
Prod_27,461,Ok,2026-06-05
Prod_23,238,Terminado,2026-06-05
Prod_34,171,ok,
Prod_14,32,Error,2026-06-05
Prod_13,147,FALLO,
Prod_38,113,Pendiente,
Prod_10,370,ok,2026-06-05
Prod_43,340,Error,
Prod_47,439,Pendiente,2026-06-05
Prod_6,89,Ok,2026-06-05
Prod_24,35,ok,2026-06-05
Prod_31,117,Ok,
Prod_48,158,Error,
Prod_46,152,Terminado,2026-06-01
Prod_50,328,Error,2026-06-05
Prod_19,149,Pendiente,2026-06-05
Prod_42,80,Pendiente,2026-06-05
Prod_46,59,Error,2026-06-05
Prod_23,388,Error,2026-06-01
Prod_25,496,Terminado,2026-06-05
Prod_30,424,Pendiente,
Prod_6,387,FALLO,2026-06-05
Prod_45,380,Ok,2026-06-01
Prod_22,70,FALLO,
Prod_34,177,Pendiente,
Prod_45,146,Terminado,
Prod_6,338,FALLO,2026-06-05
Prod_49,30,Error,
Prod_27,469,Terminado,2026-06-05
Prod_15,196,ok,2026-06-01
Prod_4,155,Pendiente,2026-06-01
Prod_50,243,Error,2026-06-05
Prod_10,110,Ok,2026-06-01
Prod_3,445,Error,2026-06-01
Prod_15,74,Ok,2026-06-01
Prod_49,87,Error,2026-06-01
Prod_30,285,ok,2026-06-01
Prod_27,354,Ok,2026-06-05
Prod_4,296,Error,2026-06-01
Prod_34,216,Pendiente,2026-06-05
Prod_11,41,Error,2026-06-01
Prod_37,465,Pendiente,2026-06-05
Prod_1,373,Pendiente,2026-06-05
Prod_7,38,Terminado,2026-06-05
Prod_44,126,Pendiente,
Prod_34,121,FALLO,2026-06-01
Prod_50,100,Terminado,2026-06-01
Prod_15,113,Error,
Prod_41,246,FALLO,
Prod_27,266,Terminado,
Prod_17,403,Ok,2026-06-05
Prod_38,50,FALLO,
Prod_14,423,FALLO,2026-06-05
Prod_25,494,Error,2026-06-05
Prod_9,196,Terminado,
Prod_30,262,ok,2026-06-01
Prod_42,332,Terminado,
Prod_48,305,Ok,
Prod_16,10,Error,2026-06-01
Prod_35,72,Terminado,2026-06-01
Prod_18,161,Pendiente,2026-06-05
Prod_30,336,Error,2026-06-01
Prod_18,256,Ok,
Prod_42,398,Pendiente,2026-06-01
Prod_15,17,ok,
Prod_12,390,Pendiente,
Prod_12,155,Error,2026-06-05
Prod_15,340,Terminado,2026-06-01
Prod_37,323,ok,
Prod_48,444,Pendiente,2026-06-05
Prod_21,208,Error,2026-06-05
Prod_11,69,Terminado,2026-06-05
Prod_49,452,FALLO,2026-06-01
Prod_12,308,Ok,2026-06-01
Prod_32,461,Terminado,2026-06-01
Prod_21,274,FALLO,
Prod_27,167,Terminado,
Prod_21,300,ok,2026-06-01
Prod_19,261,ok,2026-06-01
Prod_18,457,Ok,
Prod_38,280,Pendiente,2026-06-01
Prod_12,47,Ok,2026-06-05
Prod_7,182,Pendiente,
Prod_36,389,Pendiente,
Prod_48,112,Pendiente,2026-06-01
Prod_37,432,ok,
Prod_36,492,FALLO,
Prod_41,380,Error,
Prod_14,389,ok,2026-06-01
Prod_42,334,ok,2026-06-05
Prod_7,194,ok,
Prod_31,387,Error,2026-06-01
Prod_16,343,Terminado,
Prod_16,315,Error,2026-06-01
Prod_43,303,ok,
Prod_29,478,Terminado,2026-06-05
Prod_3,361,FALLO,2026-06-05
Prod_11,399,ok,2026-06-05
Prod_24,123,Error,2026-06-05
Prod_26,415,Terminado,2026-06-05
Prod_50,215,Terminado,
Prod_24,277,FALLO,2026-06-05
Prod_45,249,Pendiente,2026-06-05
Prod_36,469,FALLO,
Prod_15,429,FALLO,2026-06-01
Prod_2,15,ok,2026-06-01
Prod_8,215,Pendiente,
Prod_38,107,FALLO,
Prod_50,224,Error,
Prod_19,453,ok,2026-06-05
Prod_21,40,FALLO,
Prod_13,408,Ok,
Prod_35,199,Terminado,2026-06-01
Prod_20,487,Terminado,2026-06-05
Prod_23,11,Ok,2026-06-01
Prod_20,462,Terminado,2026-06-05
Prod_18,340,Error,
Prod_3,493,FALLO,
Prod_48,446,ok,2026-06-05
Prod_7,404,Ok,2026-06-01
Prod_1,74,FALLO,2026-06-01
Prod_9,288,Pendiente,2026-06-01
Prod_21,23,Ok,2026-06-01
Prod_30,257,Terminado,2026-06-01
Prod_6,317,Error,2026-06-01
Prod_20,333,Terminado,2026-06-05
Prod_44,44,ok,2026-06-05
Prod_44,310,Error,2026-06-05
Prod_50,479,Terminado,
Prod_23,237,Terminado,2026-06-05
Prod_27,184,Terminado,2026-06-01
Prod_50,441,FALLO,2026-06-05
Prod_42,63,Ok,2026-06-05
Prod_12,366,FALLO,2026-06-01
Prod_50,172,FALLO,2026-06-05
Prod_48,453,Terminado,2026-06-05
Prod_6,377,Ok,2026-06-01
Prod_2,414,Error,2026-06-05
Prod_43,116,ok,2026-06-05
Prod_24,33,Terminado,
Prod_28,495,Terminado,2026-06-05
Prod_26,435,Error,
Prod_40,217,FALLO,2026-06-05
Prod_37,494,ok,2026-06-05
Prod_46,233,Ok,2026-06-01
Prod_43,361,Terminado,2026-06-05
Prod_33,367,Pendiente,2026-06-01
Prod_40,293,Terminado,2026-06-01
Prod_45,412,FALLO,
Prod_27,313,Pendiente,
Prod_7,241,ok,2026-06-01
Prod_28,318,Pendiente,
Prod_15,184,Ok,2026-06-05
Prod_30,152,FALLO,2026-06-05
Prod_8,87,Ok,2026-06-05
Prod_5,270,Error,
Prod_25,410,ok,2026-06-05
Prod_18,27,ok,
Prod_45,79,Pendiente,
Prod_39,132,Error,2026-06-01
Prod_45,47,ok,2026-06-01
Prod_37,217,Terminado,2026-06-05
Prod_27,213,Ok,2026-06-01
Prod_35,405,Error,2026-06-01
Prod_9,400,Terminado,
Prod_11,303,FALLO,2026-06-01
Prod_12,242,Error,2026-06-05
Prod_46,444,Pendiente,
Prod_32,446,ok,2026-06-05
Prod_36,147,ok,2026-06-05
Prod_44,422,ok,2026-06-05
Prod_41,448,ok,2026-06-05
Prod_31,178,ok,2026-06-01
Prod_6,178,Terminado,2026-06-01
Prod_10,258,Error,2026-06-05
Prod_40,117,Ok,2026-06-01
Prod_49,333,Terminado,
Prod_40,421,Ok,2026-06-01
Prod_22,17,Ok,
Prod_8,165,Error,2026-06-05
Prod_40,55,ok,2026-06-01
Prod_12,24,Ok,2026-06-01
Prod_40,143,ok,2026-06-05
Prod_50,264,Terminado,2026-06-01
Prod_21,279,ok,
Prod_39,431,Error,2026-06-05
Prod_26,218,ok,2026-06-01
Prod_17,378,Terminado,
Prod_24,437,FALLO,2026-06-05
Prod_39,196,Ok,2026-06-01
Prod_24,117,FALLO,
Prod_20,35,Terminado,
Prod_26,428,Error,2026-06-05
Prod_42,391,Ok,2026-06-01
Prod_10,299,Ok,2026-06-05
Prod_36,145,Ok,
Prod_48,112,FALLO,2026-06-05
Prod_48,366,FALLO,2026-06-05
Prod_5,153,Ok,2026-06-05
Prod_50,456,Error,2026-06-05
Prod_14,414,Ok,2026-06-05
Prod_6,175,Error,2026-06-05
Prod_1,291,Ok,
Prod_19,387,ok,
Prod_14,205,Terminado,2026-06-01
Prod_44,336,Ok,
Prod_22,298,Error,
Prod_1,74,ok,2026-06-01
Prod_31,32,Ok,
Prod_32,353,Terminado,2026-06-05
Prod_14,43,ok,2026-06-01
Prod_7,401,Error,
Prod_28,101,Ok,
Prod_4,33,ok,
Prod_50,310,Pendiente,
Prod_40,106,ok,
Prod_44,494,Terminado,2026-06-05
Prod_13,490,Pendiente,2026-06-01
Prod_18,212,Pendiente,
Prod_32,136,Pendiente,
Prod_43,136,Terminado,2026-06-01
Prod_50,226,Error,
Prod_41,479,Terminado,2026-06-05
Prod_7,160,ok,2026-06-05
Prod_40,231,Error,2026-06-05
Prod_15,159,FALLO,
Prod_15,317,Ok,2026-06-01
Prod_49,49,Terminado,
Prod_9,462,Ok,2026-06-05
Prod_48,43,Terminado,2026-06-05
Prod_49,243,Pendiente,
Prod_30,475,Terminado,2026-06-01
Prod_49,311,Error,
Prod_36,454,FALLO,2026-06-05
Prod_45,64,ok,
Prod_4,217,FALLO,2026-06-05
Prod_23,46,Error,2026-06-05
Prod_13,382,Terminado,
Prod_41,347,ok,2026-06-01
Prod_9,482,Error,2026-06-01
Prod_27,63,Terminado,2026-06-05
Prod_35,311,FALLO,
Prod_36,479,Ok,
Prod_25,199,ok,2026-06-05
Prod_11,103,ok,2026-06-01
Prod_16,14,Terminado,2026-06-05
Prod_17,275,ok,2026-06-01
Prod_12,332,Pendiente,
Prod_29,412,Terminado,2026-06-05
Prod_30,182,Terminado,2026-06-01
Prod_46,443,Error,
Prod_2,107,FALLO,
Prod_38,163,Error,
Prod_1,406,ok,
Prod_31,39,Terminado,
Prod_41,134,Ok,2026-06-05
Prod_29,223,Terminado,2026-06-01
Prod_13,146,Terminado,2026-06-01
Prod_6,331,Error,
Prod_27,242,Error,2026-06-05
Prod_33,470,Ok,2026-06-05
Prod_39,372,Pendiente,
Prod_18,448,Pendiente,
Prod_31,238,Terminado,2026-06-05
Prod_50,425,Terminado,2026-06-01
Prod_44,336,FALLO,2026-06-05
Prod_13,229,Terminado,2026-06-01
Prod_42,172,Pendiente,2026-06-05
Prod_14,279,Pendiente,2026-06-05
Prod_30,476,FALLO,2026-06-01
Prod_40,248,Terminado,
Prod_1,77,Pendiente,2026-06-01
Prod_25,397,Terminado,
Prod_21,244,Error,2026-06-05
Prod_40,308,Pendiente,2026-06-05
Prod_29,189,Ok,2026-06-05
Prod_8,348,ok,2026-06-01
Prod_3,229,Pendiente,2026-06-05
Prod_44,465,Ok,2026-06-01
Prod_20,301,ok,2026-06-01
Prod_14,196,Terminado,2026-06-01
Prod_18,148,Terminado,2026-06-05
Prod_49,185,Error,
Prod_49,493,Ok,2026-06-05
Prod_32,456,Pendiente,
Prod_44,170,Ok,2026-06-05
Prod_13,188,Error,2026-06-05
Prod_34,238,Ok,
Prod_39,187,Terminado,
Prod_33,252,Error,
Prod_34,41,FALLO,2026-06-01
Prod_18,74,ok,
Prod_19,464,Pendiente,2026-06-05
Prod_19,74,Terminado,
Prod_25,79,Terminado,2026-06-05
Prod_23,454,Error,2026-06-01
Prod_22,198,ok,2026-06-05
Prod_11,361,Terminado,
Prod_15,469,FALLO,2026-06-05
Prod_27,131,Error,
Prod_47,234,ok,2026-06-05
Prod_21,107,FALLO,2026-06-05
Prod_26,111,Terminado,2026-06-05
Prod_43,377,Pendiente,
Prod_41,317,ok,
Prod_30,466,Ok,
Prod_5,433,Terminado,
Prod_12,156,FALLO,
Prod_9,415,Pendiente,2026-06-05
Prod_12,430,Terminado,2026-06-05
Prod_31,253,Pendiente,2026-06-05
Prod_23,362,ok,2026-06-05
Prod_24,181,Terminado,
Prod_4,70,FALLO,
Prod_21,196,Pendiente,
Prod_15,50,Terminado,
Prod_18,308,Pendiente,2026-06-01
Prod_4,66,Terminado,
Prod_45,183,Pendiente,2026-06-01
Prod_13,294,FALLO,2026-06-01
Prod_32,316,Error,
Prod_11,70,FALLO,
Prod_4,158,FALLO,2026-06-05
Prod_9,138,FALLO,2026-06-01
Prod_47,442,Pendiente,2026-06-01
Prod_25,132,Ok,2026-06-01
Prod_38,462,Pendiente,2026-06-05
Prod_9,63,Terminado,
Prod_25,81,FALLO,
Prod_21,374,Terminado,
Prod_18,138,Ok,
Prod_38,415,FALLO,2026-06-01
Prod_43,220,FALLO,2026-06-05
Prod_34,408,Terminado,
Prod_47,70,FALLO,2026-06-05
Prod_31,175,FALLO,2026-06-05
Prod_2,84,ok,
Prod_30,111,ok,2026-06-01
Prod_29,119,Terminado,2026-06-05
Prod_25,480,Error,
Prod_4,52,ok,2026-06-01
Prod_36,336,FALLO,
Prod_41,257,Terminado,2026-06-05
Prod_41,83,Ok,2026-06-01
Prod_1,367,Ok,2026-06-05
Prod_40,12,Error,2026-06-01
Prod_43,242,ok,2026-06-05
Prod_16,89,FALLO,
Prod_28,325,Error,
Prod_29,190,ok,2026-06-05
Prod_12,195,FALLO,2026-06-01
Prod_46,283,ok,
Prod_13,115,ok,2026-06-01
Prod_43,275,Pendiente,2026-06-05
Prod_19,213,ok,2026-06-01
Prod_8,12,Ok,2026-06-01
Prod_27,121,Ok,2026-06-05
Prod_24,278,Ok,2026-06-01
Prod_47,247,ok,
Prod_39,424,ok,2026-06-01
Prod_24,93,FALLO,2026-06-05
Prod_25,312,Ok,
Prod_23,306,ok,
Prod_36,302,Ok,
Prod_30,349,Terminado,2026-06-05
Prod_16,129,Terminado,2026-06-05
Prod_12,482,ok,2026-06-01
Prod_31,252,Ok,2026-06-05
Prod_1,257,Pendiente,
Prod_48,193,FALLO,2026-06-05
Prod_43,284,Pendiente,2026-06-01
Prod_24,34,ok,
Prod_40,436,Pendiente,2026-06-05
Prod_31,154,Pendiente,2026-06-01
Prod_18,174,FALLO,2026-06-05
Prod_23,313,Pendiente,
Prod_14,223,Pendiente,2026-06-01
Prod_20,230,Terminado,2026-06-05
Prod_36,361,Error,2026-06-05
Prod_2,209,Pendiente,2026-06-05
Prod_9,191,Error,2026-06-05
Prod_9,171,Ok,2026-06-01
Prod_5,120,Error,2026-06-05
Prod_23,321,Pendiente,
Prod_35,119,ok,2026-06-05
Prod_11,445,Ok,
Prod_46,124,Pendiente,2026-06-01
Prod_26,26,FALLO,
Prod_40,67,FALLO,2026-06-05
Prod_46,221,Ok,2026-06-01
Prod_40,498,FALLO,2026-06-05
Prod_26,228,Pendiente,2026-06-05
Prod_18,120,FALLO,
Prod_14,446,ok,2026-06-05
Prod_8,274,FALLO,
Prod_25,498,Ok,
Prod_32,426,Error,
Prod_29,332,Error,2026-06-05
Prod_46,359,Pendiente,2026-06-01
Prod_42,152,Terminado,2026-06-05
Prod_7,151,ok,2026-06-01
Prod_41,380,ok,2026-06-01
Prod_18,334,Ok,2026-06-05
Prod_40,344,ok,2026-06-01
Prod_7,386,ok,2026-06-01
Prod_5,411,Terminado,2026-06-01
Prod_17,20,Pendiente,2026-06-01
Prod_19,438,Ok,
Prod_19,406,Terminado,2026-06-01
Prod_3,18,FALLO,2026-06-05
Prod_18,342,FALLO,
Prod_20,341,Error,2026-06-05
Prod_40,230,Error,2026-06-01
Prod_11,209,Ok,2026-06-01
Prod_18,27,Error,2026-06-01
Prod_28,266,Ok,
Prod_3,403,Pendiente,
Prod_27,428,Terminado,2026-06-05
Prod_41,46,ok,2026-06-01
Prod_25,463,Pendiente,
Prod_41,333,FALLO,
Prod_4,116,Error,2026-06-05
Prod_20,317,Ok,2026-06-05
Prod_20,495,Error,2026-06-01
Prod_50,26,Ok,
Prod_28,59,Terminado,2026-06-05
Prod_42,226,Error,2026-06-05
Prod_34,239,Ok,
Prod_16,297,Terminado,2026-06-01
Prod_22,411,Error,2026-06-05
Prod_9,413,Ok,2026-06-01
Prod_37,193,Terminado,2026-06-05
Prod_35,488,Error,
Prod_37,27,Error,2026-06-01
Prod_16,426,Pendiente,2026-06-05
Prod_40,23,ok,2026-06-05
Prod_47,499,Ok,2026-06-01
Prod_38,78,Pendiente,2026-06-05
Prod_24,375,Ok,
Prod_9,311,Ok,
Prod_13,56,Error,
Prod_36,222,FALLO,2026-06-05
Prod_1,114,ok,2026-06-05
Prod_44,462,Terminado,2026-06-05
Prod_50,443,Pendiente,
Prod_25,356,ok,
Prod_31,180,Terminado,
Prod_20,117,Terminado,2026-06-05
Prod_44,32,Terminado,2026-06-01
Prod_30,182,FALLO,2026-06-05
Prod_18,254,FALLO,2026-06-05
Prod_38,141,Terminado,2026-06-01
Prod_49,42,Error,2026-06-01
Prod_33,330,Error,2026-06-05
Prod_10,370,Terminado,2026-06-05
Prod_16,128,Ok,
Prod_36,188,Error,
Prod_42,53,Error,
Prod_18,45,Terminado,
Prod_11,405,Pendiente,
Prod_35,330,Pendiente,2026-06-01
Prod_29,261,FALLO,2026-06-05
Prod_41,322,ok,2026-06-01
Prod_5,371,Ok,
Prod_44,274,ok,
Prod_28,40,Error,2026-06-01
Prod_43,376,Terminado,2026-06-05
Prod_39,379,ok,2026-06-01
Prod_37,111,Pendiente,2026-06-01
Prod_32,154,FALLO,2026-06-01
Prod_38,318,Ok,2026-06-05
Prod_31,373,Pendiente,2026-06-01
Prod_37,357,Pendiente,2026-06-01
Prod_42,394,Error,2026-06-01
Prod_50,357,FALLO,
Prod_19,37,Error,
Prod_24,148,Terminado,2026-06-01
Prod_44,336,FALLO,2026-06-05
Prod_44,31,Terminado,2026-06-01
Prod_32,406,Error,2026-06-01
Prod_47,374,ok,2026-06-01
Prod_48,270,FALLO,2026-06-01
Prod_43,61,Ok,2026-06-01
Prod_43,118,Terminado,2026-06-01
Prod_48,154,ok,2026-06-05
Prod_8,198,ok,2026-06-01
Prod_30,154,Ok,
Prod_9,356,Error,
Prod_38,367,Terminado,2026-06-01
Prod_5,148,Error,2026-06-05
Prod_3,395,Error,2026-06-05
Prod_7,292,FALLO,2026-06-05
Prod_15,40,Error,2026-06-01
Prod_45,83,Error,2026-06-01
Prod_44,439,Terminado,
Prod_34,82,FALLO,2026-06-05
Prod_34,304,ok,2026-06-01
Prod_35,476,Pendiente,
Prod_26,68,Terminado,2026-06-01
Prod_19,300,Pendiente,2026-06-05
Prod_44,127,Terminado,2026-06-05
Prod_39,129,Error,2026-06-05
Prod_49,385,Error,2026-06-05
Prod_47,193,Terminado,
Prod_12,354,Ok,2026-06-05
Prod_35,422,Error,2026-06-05
Prod_50,133,Pendiente,2026-06-05
Prod_50,40,Terminado,2026-06-05
Prod_9,82,Pendiente,2026-06-01
Prod_45,203,Error,
Prod_4,401,Error,2026-06-05
Prod_15,405,ok,2026-06-05
Prod_46,212,ok,2026-06-01
Prod_12,486,Error,2026-06-01
Prod_30,399,Ok,2026-06-01
Prod_25,470,Pendiente,2026-06-01
Prod_30,417,Ok,
Prod_6,84,Pendiente,2026-06-05
Prod_27,219,Terminado,2026-06-01
Prod_44,34,Ok,2026-06-05
Prod_20,357,Error,2026-06-01
Prod_40,228,Pendiente,2026-06-01
Prod_14,406,Terminado,
Prod_31,26,Error,2026-06-05
Prod_29,34,ok,
Prod_5,47,FALLO,2026-06-05
Prod_43,500,Terminado,2026-06-05
Prod_24,160,Ok,
Prod_19,50,Error,2026-06-05
Prod_9,322,Ok,2026-06-01
Prod_24,198,Pendiente,2026-06-01
Prod_34,294,Terminado,2026-06-05
Prod_8,458,Error,2026-06-05
Prod_33,413,ok,2026-06-05
Prod_37,53,Pendiente,2026-06-05
Prod_15,486,Error,
Prod_6,344,Pendiente,2026-06-05
Prod_21,200,Pendiente,2026-06-01
Prod_28,250,Error,2026-06-01
Prod_49,384,ok,2026-06-01
Prod_2,450,ok,2026-06-05
Prod_38,67,Ok,
Prod_2,473,FALLO,2026-06-05
Prod_22,17,Error,2026-06-05
Prod_29,482,Terminado,2026-06-01
Prod_13,181,Terminado,2026-06-05
Prod_1,48,ok,2026-06-05
Prod_29,407,Error,2026-06-05
Prod_27,363,Ok,2026-06-01
Prod_29,331,FALLO,2026-06-01
Prod_36,305,Pendiente,
Prod_48,345,ok,2026-06-01
Prod_1,208,Pendiente,2026-06-05
Prod_27,417,Pendiente,2026-06-01
Prod_22,46,FALLO,2026-06-05
Prod_30,295,Terminado,2026-06-01
Prod_46,144,Error,2026-06-01
Prod_13,277,Pendiente,2026-06-01
Prod_24,178,Ok,2026-06-01
Prod_39,166,Error,
Prod_35,316,ok,2026-06-01
Prod_6,69,Ok,2026-06-05
Prod_22,318,ok,2026-06-01
Prod_42,255,ok,2026-06-05
Prod_33,277,Ok,2026-06-01
Prod_26,239,FALLO,
Prod_48,206,Terminado,2026-06-05
Prod_46,43,Error,
Prod_19,481,Pendiente,
Prod_19,409,Pendiente,
Prod_50,49,FALLO,2026-06-05
Prod_21,20,Pendiente,2026-06-01
Prod_41,177,Error,2026-06-01
Prod_4,401,ok,2026-06-05
Prod_16,320,FALLO,2026-06-01
Prod_41,463,Error,2026-06-05
Prod_40,92,Terminado,
Prod_7,101,Error,2026-06-05
Prod_17,41,Terminado,2026-06-05
Prod_21,365,FALLO,2026-06-05
Prod_28,348,Pendiente,2026-06-05
Prod_36,317,Terminado,
Prod_42,407,ok,
Prod_8,275,Ok,2026-06-01
Prod_12,57,ok,
Prod_4,86,FALLO,2026-06-01
Prod_9,364,Error,
Prod_33,235,Ok,
Prod_49,219,Pendiente,
Prod_7,214,Error,2026-06-01
Prod_5,488,Error,2026-06-05
Prod_33,84,Pendiente,
Prod_5,429,Pendiente,2026-06-05
Prod_22,124,FALLO,
Prod_49,380,Error,
Prod_23,170,Ok,2026-06-05
Prod_13,499,Ok,2026-06-05
Prod_21,454,FALLO,2026-06-01
Prod_44,259,FALLO,2026-06-05
Prod_4,339,ok,2026-06-01
Prod_5,328,ok,2026-06-05
Prod_2,69,FALLO,2026-06-01
Prod_23,169,ok,
Prod_22,430,Terminado,2026-06-05
Prod_2,369,Terminado,2026-06-01
Prod_2,226,Terminado,
Prod_44,269,Terminado,2026-06-01
Prod_21,222,Terminado,2026-06-05
Prod_29,247,ok,2026-06-05
Prod_22,151,Ok,
Prod_22,473,Error,2026-06-01
Prod_13,16,Ok,2026-06-05
Prod_17,149,FALLO,2026-06-05
Prod_46,17,ok,
Prod_17,69,FALLO,2026-06-01
Prod_10,413,Terminado,2026-06-05
Prod_2,187,ok,2026-06-01
Prod_26,90,ok,2026-06-01
Prod_39,500,Error,
Prod_8,208,ok,
Prod_36,275,ok,2026-06-01
Prod_25,297,Terminado,2026-06-01
Prod_21,25,ok,2026-06-01
Prod_34,32,Pendiente,
Prod_48,334,FALLO,2026-06-05
Prod_7,159,ok,2026-06-05
